-- MySQL dump 10.13  Distrib 5.7.17, for Win64 (x86_64)
--
-- Host: localhost    Database: mac_reserve
-- ------------------------------------------------------
-- Server version	8.0.17

/*!40101 SET @OLD_CHARACTER_SET_CLIENT=@@CHARACTER_SET_CLIENT */;
/*!40101 SET @OLD_CHARACTER_SET_RESULTS=@@CHARACTER_SET_RESULTS */;
/*!40101 SET @OLD_COLLATION_CONNECTION=@@COLLATION_CONNECTION */;
/*!40101 SET NAMES utf8 */;
/*!40103 SET @OLD_TIME_ZONE=@@TIME_ZONE */;
/*!40103 SET TIME_ZONE='+00:00' */;
/*!40014 SET @OLD_UNIQUE_CHECKS=@@UNIQUE_CHECKS, UNIQUE_CHECKS=0 */;
/*!40014 SET @OLD_FOREIGN_KEY_CHECKS=@@FOREIGN_KEY_CHECKS, FOREIGN_KEY_CHECKS=0 */;
/*!40101 SET @OLD_SQL_MODE=@@SQL_MODE, SQL_MODE='NO_AUTO_VALUE_ON_ZERO' */;
/*!40111 SET @OLD_SQL_NOTES=@@SQL_NOTES, SQL_NOTES=0 */;

--
-- Table structure for table `facilities`
--

DROP TABLE IF EXISTS `facilities`;
/*!40101 SET @saved_cs_client     = @@character_set_client */;
/*!50503 SET character_set_client = utf8mb4 */;
CREATE TABLE `facilities` (
  `name` varchar(45) NOT NULL,
  `facilitytype` varchar(45) NOT NULL,
  `interval` varchar(45) NOT NULL,
  `duration` varchar(45) NOT NULL,
  `venue` varchar(45) NOT NULL,
  `deposit` varchar(16) NOT NULL,
  `availiability` varchar(16) NOT NULL,
  PRIMARY KEY (`name`),
  KEY `fk_facilitytype_idx` (`facilitytype`),
  KEY `fk_interval` (`interval`),
  KEY `fk_duration_idx` (`duration`),
  KEY `fk_venue_idx` (`venue`),
  CONSTRAINT `fk_duration` FOREIGN KEY (`duration`) REFERENCES `durations` (`id`) ON DELETE NO ACTION ON UPDATE NO ACTION,
  CONSTRAINT `fk_facilitytype` FOREIGN KEY (`facilitytype`) REFERENCES `facilitytypes` (`id`) ON DELETE NO ACTION ON UPDATE NO ACTION,
  CONSTRAINT `fk_interval` FOREIGN KEY (`interval`) REFERENCES `intervals` (`id`) ON DELETE NO ACTION ON UPDATE NO ACTION,
  CONSTRAINT `fk_venue` FOREIGN KEY (`venue`) REFERENCES `venues` (`id`) ON DELETE NO ACTION ON UPDATE NO ACTION
) ENGINE=InnoDB DEFAULT CHARSET=utf8;
/*!40101 SET character_set_client = @saved_cs_client */;

--
-- Dumping data for table `facilities`
--

LOCK TABLES `facilities` WRITE;
/*!40000 ALTER TABLE `facilities` DISABLE KEYS */;
INSERT INTO `facilities` VALUES ('BMC1','BMC','30M','SD','I','$25','Available'),('BMC10','BMC','30M','SD','I','$25','Available'),('BMC2','BMC','30M','SD','I','$25','Available'),('BMC3','BMC','30M','SD','I','$25','Available'),('BMC4','BMC','30M','SD','I','$25','Available'),('BMC5','BMC','30M','SD','I','$25','Available'),('BMC6','BMC','30M','SD','I','$25','Available'),('BMC7','BMC','30M','SD','I','$25','Available'),('BMC8','BMC','30M','SD','I','$25','Available'),('BMC9','BMC','30M','SD','I','$25','Available'),('CR1','CR','1H','SD','I','$50','Available'),('CR2','CR','1H','SD','I','$50','Available'),('CR3','CR','1H','SD','I','$50','Available'),('CR4','CR','1H','SD','I','$50','Available'),('CR5','CR','1H','SD','I','$50','Available'),('IBBC1','IBBC','1H','SD','I','$25','Available'),('IBBC2','IBBC','1H','SD','I','$25','Available'),('IBBC3','IBBC','1H','SD','I','$25','Available'),('IBBC4','IBBC','1H','SD','I','$25','Available'),('IBBC5','IBBC','1H','SD','I','$25','Available'),('IVBC1','IVBC','1H','SD','I','$25','Available'),('IVBC2','IVBC','1H','SD','I','$25','Available'),('IVBC3','IVBC','1H','SD','I','$25','Available'),('IVBC4','IVBC','1H','SD','I','$25','Available'),('IVBC5','IVBC','1H','SD','I','$25','Available'),('IVBC6','IVBC','1H','SD','I','$25','Available'),('IVBC7','IVBC','1H','SD','I','$25','Available'),('IVBC8','IVBC','1H','SD','I','$25','Available'),('IVBC9','IVBC','1H','SD','I','$25','Available'),('MR1','MR','1H','SD','I','$50','Available'),('MR2','MR','1H','SD','I','$50','Available'),('MR3','MR','1H','SD','I','$50','Available'),('MR4','MR','1H','SD','I','$50','Available'),('OBBC1','OBBC','2H','7D','O','$100','Available'),('OBBC2','OBBC','2H','7D','O','$100','Available'),('OVBC1','OVBC','2H','7D','O','$100','Available'),('OVBC2','OVBC','2H','7D','O','$100','Available'),('RBC1','RBC','30M','SD','I','$25','Available'),('RBC2','RBC','30M','SD','I','$25','Available'),('RBC3','RBC','30M','SD','I','$25','Available'),('RBC4','RBC','30M','SD','I','$25','Available'),('RBC5','RBC','30M','SD','I','$25','Available'),('SCG','SCG','2H','SD','I','$50','Available'),('TT1','TT','30M','SD','I','$50','Available');
/*!40000 ALTER TABLE `facilities` ENABLE KEYS */;
UNLOCK TABLES;

--
-- Table structure for table `facilitiesoptions`
--

DROP TABLE IF EXISTS `facilitiesoptions`;
/*!40101 SET @saved_cs_client     = @@character_set_client */;
/*!50503 SET character_set_client = utf8mb4 */;
CREATE TABLE `facilitiesoptions` (
  `facilityname` varchar(45) NOT NULL,
  `facilitytype` varchar(45) NOT NULL,
  `venue` varchar(45) NOT NULL,
  `day` varchar(45) NOT NULL,
  `from` time NOT NULL,
  `to` time NOT NULL,
  KEY `fk_facilitytype_idx` (`facilitytype`),
  KEY `fk_venue_idx` (`venue`),
  CONSTRAINT `fk_facilitytypes` FOREIGN KEY (`facilitytype`) REFERENCES `facilitytypes` (`id`) ON DELETE NO ACTION ON UPDATE NO ACTION,
  CONSTRAINT `fk_venues` FOREIGN KEY (`venue`) REFERENCES `venues` (`id`) ON DELETE NO ACTION ON UPDATE NO ACTION
) ENGINE=InnoDB DEFAULT CHARSET=utf8;
/*!40101 SET character_set_client = @saved_cs_client */;

--
-- Dumping data for table `facilitiesoptions`
--

LOCK TABLES `facilitiesoptions` WRITE;
/*!40000 ALTER TABLE `facilitiesoptions` DISABLE KEYS */;
INSERT INTO `facilitiesoptions` VALUES ('BMC1','BMC','I','D','06:00:00','06:29:59'),('BMC1','BMC','I','D','06:30:00','06:59:59'),('BMC1','BMC','I','D','07:00:00','07:29:59'),('BMC1','BMC','I','D','07:30:00','07:59:59'),('BMC1','BMC','I','D','08:00:00','08:29:59'),('BMC1','BMC','I','D','08:30:00','08:59:59'),('BMC1','BMC','I','D','09:00:00','09:29:59'),('BMC1','BMC','I','D','09:30:00','09:59:59'),('BMC1','BMC','I','D','10:00:00','10:29:59'),('BMC1','BMC','I','D','10:30:00','10:59:59'),('BMC1','BMC','I','D','11:00:00','11:29:59'),('BMC1','BMC','I','D','11:30:00','11:59:59'),('BMC1','BMC','I','D','12:00:00','12:29:59'),('BMC1','BMC','I','D','12:30:00','12:59:59'),('BMC1','BMC','I','D','13:00:00','13:29:59'),('BMC1','BMC','I','D','13:30:00','13:59:59'),('BMC1','BMC','I','D','14:00:00','14:29:59'),('BMC1','BMC','I','D','14:30:00','14:59:59'),('BMC1','BMC','I','D','15:00:00','15:29:59'),('BMC1','BMC','I','D','15:30:00','15:59:59'),('BMC1','BMC','I','D','16:00:00','16:29:59'),('BMC1','BMC','I','D','16:30:00','16:59:59'),('BMC1','BMC','I','D','17:00:00','17:29:59'),('BMC1','BMC','I','D','17:30:00','17:59:59'),('BMC1','BMC','I','D','18:00:00','18:29:59'),('BMC1','BMC','I','D','18:30:00','18:59:59'),('BMC1','BMC','I','D','19:00:00','19:29:59'),('BMC1','BMC','I','D','19:30:00','19:59:59'),('BMC1','BMC','I','D','20:00:00','20:29:59'),('BMC1','BMC','I','D','20:30:00','20:59:59'),('BMC1','BMC','I','D','21:00:00','21:29:59'),('BMC1','BMC','I','D','21:30:00','21:59:59'),('BMC1','BMC','I','D','21:00:00','22:29:59'),('BMC1','BMC','I','D','22:30:00','22:59:59'),('BMC1','BMC','I','D','23:00:00','23:29:59'),('BMC1','BMC','I','D','23:30:00','23:59:59'),('BMC2','BMC','I','D','06:00:00','06:29:59'),('BMC2','BMC','I','D','06:30:00','06:59:59'),('BMC2','BMC','I','D','07:00:00','07:29:59'),('BMC2','BMC','I','D','07:30:00','07:59:59'),('BMC2','BMC','I','D','08:00:00','08:29:59'),('BMC2','BMC','I','D','08:30:00','08:59:59'),('BMC2','BMC','I','D','09:00:00','09:29:59'),('BMC2','BMC','I','D','09:30:00','09:59:59'),('BMC2','BMC','I','D','10:00:00','10:29:59'),('BMC2','BMC','I','D','10:30:00','10:59:59'),('BMC2','BMC','I','D','11:00:00','11:29:59'),('BMC2','BMC','I','D','11:30:00','11:59:59'),('BMC2','BMC','I','D','12:00:00','12:29:59'),('BMC2','BMC','I','D','12:30:00','12:59:59'),('BMC2','BMC','I','D','13:00:00','13:29:59'),('BMC2','BMC','I','D','13:30:00','13:59:59'),('BMC2','BMC','I','D','14:00:00','14:29:59'),('BMC2','BMC','I','D','14:30:00','14:59:59'),('BMC2','BMC','I','D','15:00:00','15:29:59'),('BMC2','BMC','I','D','15:30:00','15:59:59'),('BMC2','BMC','I','D','16:00:00','16:29:59'),('BMC2','BMC','I','D','16:30:00','16:59:59'),('BMC2','BMC','I','D','17:00:00','17:29:59'),('BMC2','BMC','I','D','17:30:00','17:59:59'),('BMC2','BMC','I','D','18:00:00','18:29:59'),('BMC2','BMC','I','D','18:30:00','18:59:59'),('BMC2','BMC','I','D','19:00:00','19:29:59'),('BMC2','BMC','I','D','19:30:00','19:59:59'),('BMC2','BMC','I','D','20:00:00','20:29:59'),('BMC2','BMC','I','D','20:30:00','20:59:59'),('BMC2','BMC','I','D','21:00:00','21:29:59'),('BMC2','BMC','I','D','21:30:00','21:59:59'),('BMC2','BMC','I','D','21:00:00','22:29:59'),('BMC2','BMC','I','D','22:30:00','22:59:59'),('BMC2','BMC','I','D','23:00:00','23:29:59'),('BMC2','BMC','I','D','23:30:00','23:59:59'),('BMC3','BMC','I','D','06:00:00','06:29:59'),('BMC3','BMC','I','D','06:30:00','06:59:59'),('BMC3','BMC','I','D','07:00:00','07:29:59'),('BMC3','BMC','I','D','07:30:00','07:59:59'),('BMC3','BMC','I','D','08:00:00','08:29:59'),('BMC3','BMC','I','D','08:30:00','08:59:59'),('BMC3','BMC','I','D','09:00:00','09:29:59'),('BMC3','BMC','I','D','09:30:00','09:59:59'),('BMC3','BMC','I','D','10:00:00','10:29:59'),('BMC3','BMC','I','D','10:30:00','10:59:59'),('BMC3','BMC','I','D','11:00:00','11:29:59'),('BMC3','BMC','I','D','11:30:00','11:59:59'),('BMC3','BMC','I','D','12:00:00','12:29:59'),('BMC3','BMC','I','D','12:30:00','12:59:59'),('BMC3','BMC','I','D','13:00:00','13:29:59'),('BMC3','BMC','I','D','13:30:00','13:59:59'),('BMC3','BMC','I','D','14:00:00','14:29:59'),('BMC3','BMC','I','D','14:30:00','14:59:59'),('BMC3','BMC','I','D','15:00:00','15:29:59'),('BMC3','BMC','I','D','15:30:00','15:59:59'),('BMC3','BMC','I','D','16:00:00','16:29:59'),('BMC3','BMC','I','D','16:30:00','16:59:59'),('BMC3','BMC','I','D','17:00:00','17:29:59'),('BMC3','BMC','I','D','17:30:00','17:59:59'),('BMC3','BMC','I','D','18:00:00','18:29:59'),('BMC3','BMC','I','D','18:30:00','18:59:59'),('BMC3','BMC','I','D','19:00:00','19:29:59'),('BMC3','BMC','I','D','19:30:00','19:59:59'),('BMC3','BMC','I','D','20:00:00','20:29:59'),('BMC3','BMC','I','D','20:30:00','20:59:59'),('BMC3','BMC','I','D','21:00:00','21:29:59'),('BMC3','BMC','I','D','21:30:00','21:59:59'),('BMC3','BMC','I','D','21:00:00','22:29:59'),('BMC3','BMC','I','D','22:30:00','22:59:59'),('BMC3','BMC','I','D','23:00:00','23:29:59'),('BMC3','BMC','I','D','23:30:00','23:59:59'),('BMC4','BMC','I','D','06:00:00','06:29:59'),('BMC4','BMC','I','D','06:30:00','06:59:59'),('BMC4','BMC','I','D','07:00:00','07:29:59'),('BMC4','BMC','I','D','07:30:00','07:59:59'),('BMC4','BMC','I','D','08:00:00','08:29:59'),('BMC4','BMC','I','D','08:30:00','08:59:59'),('BMC4','BMC','I','D','09:00:00','09:29:59'),('BMC4','BMC','I','D','09:30:00','09:59:59'),('BMC4','BMC','I','D','10:00:00','10:29:59'),('BMC4','BMC','I','D','10:30:00','10:59:59'),('BMC4','BMC','I','D','11:00:00','11:29:59'),('BMC4','BMC','I','D','11:30:00','11:59:59'),('BMC4','BMC','I','D','12:00:00','12:29:59'),('BMC4','BMC','I','D','12:30:00','12:59:59'),('BMC4','BMC','I','D','13:00:00','13:29:59'),('BMC4','BMC','I','D','13:30:00','13:59:59'),('BMC4','BMC','I','D','14:00:00','14:29:59'),('BMC4','BMC','I','D','14:30:00','14:59:59'),('BMC4','BMC','I','D','15:00:00','15:29:59'),('BMC4','BMC','I','D','15:30:00','15:59:59'),('BMC4','BMC','I','D','16:00:00','16:29:59'),('BMC4','BMC','I','D','16:30:00','16:59:59'),('BMC4','BMC','I','D','17:00:00','17:29:59'),('BMC4','BMC','I','D','17:30:00','17:59:59'),('BMC4','BMC','I','D','18:00:00','18:29:59'),('BMC4','BMC','I','D','18:30:00','18:59:59'),('BMC4','BMC','I','D','19:00:00','19:29:59'),('BMC4','BMC','I','D','19:30:00','19:59:59'),('BMC4','BMC','I','D','20:00:00','20:29:59'),('BMC4','BMC','I','D','20:30:00','20:59:59'),('BMC4','BMC','I','D','21:00:00','21:29:59'),('BMC4','BMC','I','D','21:30:00','21:59:59'),('BMC4','BMC','I','D','21:00:00','22:29:59'),('BMC4','BMC','I','D','22:30:00','22:59:59'),('BMC4','BMC','I','D','23:00:00','23:29:59'),('BMC4','BMC','I','D','23:30:00','23:59:59'),('BMC5','BMC','I','D','06:00:00','06:29:59'),('BMC5','BMC','I','D','06:30:00','06:59:59'),('BMC5','BMC','I','D','07:00:00','07:29:59'),('BMC5','BMC','I','D','07:30:00','07:59:59'),('BMC5','BMC','I','D','08:00:00','08:29:59'),('BMC5','BMC','I','D','08:30:00','08:59:59'),('BMC5','BMC','I','D','09:00:00','09:29:59'),('BMC5','BMC','I','D','09:30:00','09:59:59'),('BMC5','BMC','I','D','10:00:00','10:29:59'),('BMC5','BMC','I','D','10:30:00','10:59:59'),('BMC5','BMC','I','D','11:00:00','11:29:59'),('BMC5','BMC','I','D','11:30:00','11:59:59'),('BMC5','BMC','I','D','12:00:00','12:29:59'),('BMC5','BMC','I','D','12:30:00','12:59:59'),('BMC5','BMC','I','D','13:00:00','13:29:59'),('BMC5','BMC','I','D','13:30:00','13:59:59'),('BMC5','BMC','I','D','14:00:00','14:29:59'),('BMC5','BMC','I','D','14:30:00','14:59:59'),('BMC5','BMC','I','D','15:00:00','15:29:59'),('BMC5','BMC','I','D','15:30:00','15:59:59'),('BMC5','BMC','I','D','16:00:00','16:29:59'),('BMC5','BMC','I','D','16:30:00','16:59:59'),('BMC5','BMC','I','D','17:00:00','17:29:59'),('BMC5','BMC','I','D','17:30:00','17:59:59'),('BMC5','BMC','I','D','18:00:00','18:29:59'),('BMC5','BMC','I','D','18:30:00','18:59:59'),('BMC5','BMC','I','D','19:00:00','19:29:59'),('BMC5','BMC','I','D','19:30:00','19:59:59'),('BMC5','BMC','I','D','20:00:00','20:29:59'),('BMC5','BMC','I','D','20:30:00','20:59:59'),('BMC5','BMC','I','D','21:00:00','21:29:59'),('BMC5','BMC','I','D','21:30:00','21:59:59'),('BMC5','BMC','I','D','21:00:00','22:29:59'),('BMC5','BMC','I','D','22:30:00','22:59:59'),('BMC5','BMC','I','D','23:00:00','23:29:59'),('BMC5','BMC','I','D','23:30:00','23:59:59'),('BMC6','BMC','I','D','06:00:00','06:29:59'),('BMC6','BMC','I','D','06:30:00','06:59:59'),('BMC6','BMC','I','D','07:00:00','07:29:59'),('BMC6','BMC','I','D','07:30:00','07:59:59'),('BMC6','BMC','I','D','08:00:00','08:29:59'),('BMC6','BMC','I','D','08:30:00','08:59:59'),('BMC6','BMC','I','D','09:00:00','09:29:59'),('BMC6','BMC','I','D','09:30:00','09:59:59'),('BMC6','BMC','I','D','10:00:00','10:29:59'),('BMC6','BMC','I','D','10:30:00','10:59:59'),('BMC6','BMC','I','D','11:00:00','11:29:59'),('BMC6','BMC','I','D','11:30:00','11:59:59'),('BMC6','BMC','I','D','12:00:00','12:29:59'),('BMC6','BMC','I','D','12:30:00','12:59:59'),('BMC6','BMC','I','D','13:00:00','13:29:59'),('BMC6','BMC','I','D','13:30:00','13:59:59'),('BMC6','BMC','I','D','14:00:00','14:29:59'),('BMC6','BMC','I','D','14:30:00','14:59:59'),('BMC6','BMC','I','D','15:00:00','15:29:59'),('BMC6','BMC','I','D','15:30:00','15:59:59'),('BMC6','BMC','I','D','16:00:00','16:29:59'),('BMC6','BMC','I','D','16:30:00','16:59:59'),('BMC6','BMC','I','D','17:00:00','17:29:59'),('BMC6','BMC','I','D','17:30:00','17:59:59'),('BMC6','BMC','I','D','18:00:00','18:29:59'),('BMC6','BMC','I','D','18:30:00','18:59:59'),('BMC6','BMC','I','D','19:00:00','19:29:59'),('BMC6','BMC','I','D','19:30:00','19:59:59'),('BMC6','BMC','I','D','20:00:00','20:29:59'),('BMC6','BMC','I','D','20:30:00','20:59:59'),('BMC6','BMC','I','D','21:00:00','21:29:59'),('BMC6','BMC','I','D','21:30:00','21:59:59'),('BMC6','BMC','I','D','21:00:00','22:29:59'),('BMC6','BMC','I','D','22:30:00','22:59:59'),('BMC6','BMC','I','D','23:00:00','23:29:59'),('BMC6','BMC','I','D','23:30:00','23:59:59'),
                                ('BMC7','BMC','I','D','06:00:00','06:29:59'),('BMC7','BMC','I','D','06:30:00','06:59:59'),('BMC7','BMC','I','D','07:00:00','07:29:59'),('BMC7','BMC','I','D','07:30:00','07:59:59'),('BMC7','BMC','I','D','08:00:00','08:29:59'),('BMC7','BMC','I','D','08:30:00','08:59:59'),('BMC7','BMC','I','D','09:00:00','09:29:59'),('BMC7','BMC','I','D','09:30:00','09:59:59'),('BMC7','BMC','I','D','10:00:00','10:29:59'),('BMC7','BMC','I','D','10:30:00','10:59:59'),('BMC7','BMC','I','D','11:00:00','11:29:59'),('BMC7','BMC','I','D','11:30:00','11:59:59'),('BMC7','BMC','I','D','12:00:00','12:29:59'),('BMC7','BMC','I','D','12:30:00','12:59:59'),('BMC7','BMC','I','D','13:00:00','13:29:59'),('BMC7','BMC','I','D','13:30:00','13:59:59'),('BMC7','BMC','I','D','14:00:00','14:29:59'),('BMC7','BMC','I','D','14:30:00','14:59:59'),('BMC7','BMC','I','D','15:00:00','15:29:59'),('BMC7','BMC','I','D','15:30:00','15:59:59'),('BMC7','BMC','I','D','16:00:00','16:29:59'),('BMC7','BMC','I','D','16:30:00','16:59:59'),('BMC7','BMC','I','D','17:00:00','17:29:59'),('BMC7','BMC','I','D','17:30:00','17:59:59'),('BMC7','BMC','I','D','18:00:00','18:29:59'),('BMC7','BMC','I','D','18:30:00','18:59:59'),('BMC7','BMC','I','D','19:00:00','19:29:59'),('BMC7','BMC','I','D','19:30:00','19:59:59'),('BMC7','BMC','I','D','20:00:00','20:29:59'),('BMC7','BMC','I','D','20:30:00','20:59:59'),('BMC7','BMC','I','D','21:00:00','21:29:59'),('BMC7','BMC','I','D','21:30:00','21:59:59'),('BMC7','BMC','I','D','21:00:00','22:29:59'),('BMC7','BMC','I','D','22:30:00','22:59:59'),('BMC7','BMC','I','D','23:00:00','23:29:59'),('BMC7','BMC','I','D','23:30:00','23:59:59'),('BMC8','BMC','I','D','06:00:00','06:29:59'),('BMC8','BMC','I','D','06:30:00','06:59:59'),('BMC8','BMC','I','D','07:00:00','07:29:59'),('BMC8','BMC','I','D','07:30:00','07:59:59'),('BMC8','BMC','I','D','08:00:00','08:29:59'),('BMC8','BMC','I','D','08:30:00','08:59:59'),('BMC8','BMC','I','D','09:00:00','09:29:59'),('BMC8','BMC','I','D','09:30:00','09:59:59'),('BMC8','BMC','I','D','10:00:00','10:29:59'),('BMC8','BMC','I','D','10:30:00','10:59:59'),('BMC8','BMC','I','D','11:00:00','11:29:59'),('BMC8','BMC','I','D','11:30:00','11:59:59'),('BMC8','BMC','I','D','12:00:00','12:29:59'),('BMC8','BMC','I','D','12:30:00','12:59:59'),('BMC8','BMC','I','D','13:00:00','13:29:59'),('BMC8','BMC','I','D','13:30:00','13:59:59'),('BMC8','BMC','I','D','14:00:00','14:29:59'),('BMC8','BMC','I','D','14:30:00','14:59:59'),('BMC8','BMC','I','D','15:00:00','15:29:59'),('BMC8','BMC','I','D','15:30:00','15:59:59'),('BMC8','BMC','I','D','16:00:00','16:29:59'),('BMC8','BMC','I','D','16:30:00','16:59:59'),('BMC8','BMC','I','D','17:00:00','17:29:59'),('BMC8','BMC','I','D','17:30:00','17:59:59'),('BMC8','BMC','I','D','18:00:00','18:29:59'),('BMC8','BMC','I','D','18:30:00','18:59:59'),('BMC8','BMC','I','D','19:00:00','19:29:59'),('BMC8','BMC','I','D','19:30:00','19:59:59'),('BMC8','BMC','I','D','20:00:00','20:29:59'),('BMC8','BMC','I','D','20:30:00','20:59:59'),('BMC8','BMC','I','D','21:00:00','21:29:59'),('BMC8','BMC','I','D','21:30:00','21:59:59'),('BMC8','BMC','I','D','21:00:00','22:29:59'),('BMC8','BMC','I','D','22:30:00','22:59:59'),('BMC8','BMC','I','D','23:00:00','23:29:59'),('BMC8','BMC','I','D','23:30:00','23:59:59'),('BMC9','BMC','I','D','06:00:00','06:29:59'),('BMC9','BMC','I','D','06:30:00','06:59:59'),('BMC9','BMC','I','D','07:00:00','07:29:59'),('BMC9','BMC','I','D','07:30:00','07:59:59'),('BMC9','BMC','I','D','08:00:00','08:29:59'),('BMC9','BMC','I','D','08:30:00','08:59:59'),('BMC9','BMC','I','D','09:00:00','09:29:59'),('BMC9','BMC','I','D','09:30:00','09:59:59'),('BMC9','BMC','I','D','10:00:00','10:29:59'),('BMC9','BMC','I','D','10:30:00','10:59:59'),('BMC9','BMC','I','D','11:00:00','11:29:59'),('BMC9','BMC','I','D','11:30:00','11:59:59'),('BMC9','BMC','I','D','12:00:00','12:29:59'),('BMC9','BMC','I','D','12:30:00','12:59:59'),('BMC9','BMC','I','D','13:00:00','13:29:59'),('BMC9','BMC','I','D','13:30:00','13:59:59'),('BMC9','BMC','I','D','14:00:00','14:29:59'),('BMC9','BMC','I','D','14:30:00','14:59:59'),('BMC9','BMC','I','D','15:00:00','15:29:59'),('BMC9','BMC','I','D','15:30:00','15:59:59'),('BMC9','BMC','I','D','16:00:00','16:29:59'),('BMC9','BMC','I','D','16:30:00','16:59:59'),('BMC9','BMC','I','D','17:00:00','17:29:59'),('BMC9','BMC','I','D','17:30:00','17:59:59'),('BMC9','BMC','I','D','18:00:00','18:29:59'),('BMC9','BMC','I','D','18:30:00','18:59:59'),('BMC9','BMC','I','D','19:00:00','19:29:59'),('BMC9','BMC','I','D','19:30:00','19:59:59'),('BMC9','BMC','I','D','20:00:00','20:29:59'),('BMC9','BMC','I','D','20:30:00','20:59:59'),('BMC9','BMC','I','D','21:00:00','21:29:59'),('BMC9','BMC','I','D','21:30:00','21:59:59'),('BMC9','BMC','I','D','21:00:00','22:29:59'),('BMC9','BMC','I','D','22:30:00','22:59:59'),('BMC9','BMC','I','D','23:00:00','23:29:59'),('BMC9','BMC','I','D','23:30:00','23:59:59'),('BMC10','BMC','I','D','06:00:00','06:29:59'),('BMC10','BMC','I','D','06:30:00','06:59:59'),('BMC10','BMC','I','D','07:00:00','07:29:59'),('BMC10','BMC','I','D','07:30:00','07:59:59'),('BMC10','BMC','I','D','08:00:00','08:29:59'),('BMC10','BMC','I','D','08:30:00','08:59:59'),('BMC10','BMC','I','D','09:00:00','09:29:59'),('BMC10','BMC','I','D','09:30:00','09:59:59'),('BMC10','BMC','I','D','10:00:00','10:29:59'),('BMC10','BMC','I','D','10:30:00','10:59:59'),('BMC10','BMC','I','D','11:00:00','11:29:59'),('BMC10','BMC','I','D','11:30:00','11:59:59'),('BMC10','BMC','I','D','12:00:00','12:29:59'),('BMC10','BMC','I','D','12:30:00','12:59:59'),('BMC10','BMC','I','D','13:00:00','13:29:59'),('BMC10','BMC','I','D','13:30:00','13:59:59'),('BMC10','BMC','I','D','14:00:00','14:29:59'),('BMC10','BMC','I','D','14:30:00','14:59:59'),('BMC10','BMC','I','D','15:00:00','15:29:59'),('BMC10','BMC','I','D','15:30:00','15:59:59'),('BMC10','BMC','I','D','16:00:00','16:29:59'),('BMC10','BMC','I','D','16:30:00','16:59:59'),('BMC10','BMC','I','D','17:00:00','17:29:59'),('BMC10','BMC','I','D','17:30:00','17:59:59'),('BMC10','BMC','I','D','18:00:00','18:29:59'),('BMC10','BMC','I','D','18:30:00','18:59:59'),('BMC10','BMC','I','D','19:00:00','19:29:59'),('BMC10','BMC','I','D','19:30:00','19:59:59'),('BMC10','BMC','I','D','20:00:00','20:29:59'),('BMC10','BMC','I','D','20:30:00','20:59:59'),('BMC10','BMC','I','D','21:00:00','21:29:59'),('BMC10','BMC','I','D','21:30:00','21:59:59'),('BMC10','BMC','I','D','21:00:00','22:29:59'),('BMC10','BMC','I','D','22:30:00','22:59:59'),('BMC10','BMC','I','D','23:00:00','23:29:59'),('BMC10','BMC','I','D','23:30:00','23:59:59'),
                                ('CR1','CR','I','D','06:00:00','06:59:59'),('CR1','CR','I','D','07:00:00','07:59:59'),('CR1','CR','I','D','08:00:00','08:59:59'),('CR1','CR','I','D','09:00:00','09:59:59'),('CR1','CR','I','D','10:00:00','10:59:59'),('CR1','CR','I','D','11:00:00','11:59:59'),('CR1','CR','I','D','12:00:00','12:59:59'),('CR1','CR','I','D','13:00:00','13:59:59'),('CR1','CR','I','D','14:00:00','14:59:59'),('CR1','CR','I','D','15:00:00','15:59:59'),('CR1','CR','I','D','16:00:00','16:59:59'),('CR1','CR','I','D','17:00:00','17:59:59'),('CR1','CR','I','D','18:00:00','18:59:59'),('CR1','CR','I','D','19:00:00','19:59:59'),('CR1','CR','I','D','20:00:00','20:59:59'),('CR1','CR','I','D','21:00:00','21:59:59'),('CR1','CR','I','D','22:00:00','22:59:59'),('CR1','CR','I','D','23:00:00','23:59:59'),('CR2','CR','I','D','06:00:00','06:59:59'),('CR2','CR','I','D','07:00:00','07:59:59'),('CR2','CR','I','D','08:00:00','08:59:59'),('CR2','CR','I','D','09:00:00','09:59:59'),('CR2','CR','I','D','10:00:00','10:59:59'),('CR2','CR','I','D','11:00:00','11:59:59'),('CR2','CR','I','D','12:00:00','12:59:59'),('CR2','CR','I','D','13:00:00','13:59:59'),('CR2','CR','I','D','14:00:00','14:59:59'),('CR2','CR','I','D','15:00:00','15:59:59'),('CR2','CR','I','D','16:00:00','16:59:59'),('CR2','CR','I','D','17:00:00','17:59:59'),('CR2','CR','I','D','18:00:00','18:59:59'),('CR2','CR','I','D','19:00:00','19:59:59'),('CR2','CR','I','D','20:00:00','20:59:59'),('CR2','CR','I','D','21:00:00','21:59:59'),('CR2','CR','I','D','22:00:00','22:59:59'),('CR2','CR','I','D','23:00:00','23:59:59'),('CR3','CR','I','D','06:00:00','06:59:59'),('CR3','CR','I','D','07:00:00','07:59:59'),('CR3','CR','I','D','08:00:00','08:59:59'),('CR3','CR','I','D','09:00:00','09:59:59'),('CR3','CR','I','D','10:00:00','10:59:59'),('CR3','CR','I','D','11:00:00','11:59:59'),('CR3','CR','I','D','12:00:00','12:59:59'),('CR3','CR','I','D','13:00:00','13:59:59'),('CR3','CR','I','D','14:00:00','14:59:59'),('CR3','CR','I','D','15:00:00','15:59:59'),('CR3','CR','I','D','16:00:00','16:59:59'),('CR3','CR','I','D','17:00:00','17:59:59'),('CR3','CR','I','D','18:00:00','18:59:59'),('CR3','CR','I','D','19:00:00','19:59:59'),('CR3','CR','I','D','20:00:00','20:59:59'),('CR3','CR','I','D','21:00:00','21:59:59'),('CR3','CR','I','D','22:00:00','22:59:59'),('CR3','CR','I','D','23:00:00','23:59:59'),('CR4','CR','I','D','06:00:00','06:59:59'),('CR4','CR','I','D','07:00:00','07:59:59'),('CR4','CR','I','D','08:00:00','08:59:59'),('CR4','CR','I','D','09:00:00','09:59:59'),('CR4','CR','I','D','10:00:00','10:59:59'),('CR4','CR','I','D','11:00:00','11:59:59'),('CR4','CR','I','D','12:00:00','12:59:59'),('CR4','CR','I','D','13:00:00','13:59:59'),('CR4','CR','I','D','14:00:00','14:59:59'),('CR4','CR','I','D','15:00:00','15:59:59'),('CR4','CR','I','D','16:00:00','16:59:59'),('CR4','CR','I','D','17:00:00','17:59:59'),('CR4','CR','I','D','18:00:00','18:59:59'),('CR4','CR','I','D','19:00:00','19:59:59'),('CR4','CR','I','D','20:00:00','20:59:59'),('CR4','CR','I','D','21:00:00','21:59:59'),('CR4','CR','I','D','22:00:00','22:59:59'),('CR4','CR','I','D','23:00:00','23:59:59'),('CR5','CR','I','D','06:00:00','06:59:59'),('CR5','CR','I','D','07:00:00','07:59:59'),('CR5','CR','I','D','08:00:00','08:59:59'),('CR5','CR','I','D','09:00:00','09:59:59'),('CR5','CR','I','D','10:00:00','10:59:59'),('CR5','CR','I','D','11:00:00','11:59:59'),('CR5','CR','I','D','12:00:00','12:59:59'),('CR5','CR','I','D','13:00:00','13:59:59'),('CR5','CR','I','D','14:00:00','14:59:59'),('CR5','CR','I','D','15:00:00','15:59:59'),('CR5','CR','I','D','16:00:00','16:59:59'),('CR5','CR','I','D','17:00:00','17:59:59'),('CR5','CR','I','D','18:00:00','18:59:59'),('CR5','CR','I','D','19:00:00','19:59:59'),('CR5','CR','I','D','20:00:00','20:59:59'),('CR5','CR','I','D','21:00:00','21:59:59'),('CR5','CR','I','D','22:00:00','22:59:59'),('CR5','CR','I','D','23:00:00','23:59:59'),
                                ('IBBC1','IBBC','I','D','06:00:00','06:59:59'),('IBBC1','IBBC','I','D','07:00:00','07:59:59'),('IBBC1','IBBC','I','D','08:00:00','08:59:59'),('IBBC1','IBBC','I','D','09:00:00','09:59:59'),('IBBC1','IBBC','I','D','10:00:00','10:59:59'),('IBBC1','IBBC','I','D','11:00:00','11:59:59'),('IBBC1','IBBC','I','D','12:00:00','12:59:59'),('IBBC1','IBBC','I','D','13:00:00','13:59:59'),('IBBC1','IBBC','I','D','14:00:00','14:59:59'),('IBBC1','IBBC','I','D','15:00:00','15:59:59'),('IBBC1','IBBC','I','D','16:00:00','16:59:59'),('IBBC1','IBBC','I','D','17:00:00','17:59:59'),('IBBC1','IBBC','I','D','18:00:00','18:59:59'),('IBBC1','IBBC','I','D','19:00:00','19:59:59'),('IBBC1','IBBC','I','D','20:00:00','20:59:59'),('IBBC1','IBBC','I','D','21:00:00','21:59:59'),('IBBC1','IBBC','I','D','22:00:00','22:59:59'),('IBBC1','IBBC','I','D','23:00:00','23:59:59'),('IBBC2','IBBC','I','D','06:00:00','06:59:59'),('IBBC2','IBBC','I','D','07:00:00','07:59:59'),('IBBC2','IBBC','I','D','08:00:00','08:59:59'),('IBBC2','IBBC','I','D','09:00:00','09:59:59'),('IBBC2','IBBC','I','D','10:00:00','10:59:59'),('IBBC2','IBBC','I','D','11:00:00','11:59:59'),('IBBC2','IBBC','I','D','12:00:00','12:59:59'),('IBBC2','IBBC','I','D','13:00:00','13:59:59'),('IBBC2','IBBC','I','D','14:00:00','14:59:59'),('IBBC2','IBBC','I','D','15:00:00','15:59:59'),('IBBC2','IBBC','I','D','16:00:00','16:59:59'),('IBBC2','IBBC','I','D','17:00:00','17:59:59'),('IBBC2','IBBC','I','D','18:00:00','18:59:59'),('IBBC2','IBBC','I','D','19:00:00','19:59:59'),('IBBC2','IBBC','I','D','20:00:00','20:59:59'),('IBBC2','IBBC','I','D','21:00:00','21:59:59'),('IBBC2','IBBC','I','D','22:00:00','22:59:59'),('IBBC2','IBBC','I','D','23:00:00','23:59:59'),('IBBC3','IBBC','I','D','06:00:00','06:59:59'),('IBBC3','IBBC','I','D','07:00:00','07:59:59'),('IBBC3','IBBC','I','D','08:00:00','08:59:59'),('IBBC3','IBBC','I','D','09:00:00','09:59:59'),('IBBC3','IBBC','I','D','10:00:00','10:59:59'),('IBBC3','IBBC','I','D','11:00:00','11:59:59'),('IBBC3','IBBC','I','D','12:00:00','12:59:59'),('IBBC3','IBBC','I','D','13:00:00','13:59:59'),('IBBC3','IBBC','I','D','14:00:00','14:59:59'),('IBBC3','IBBC','I','D','15:00:00','15:59:59'),('IBBC3','IBBC','I','D','16:00:00','16:59:59'),('IBBC3','IBBC','I','D','17:00:00','17:59:59'),('IBBC3','IBBC','I','D','18:00:00','18:59:59'),('IBBC3','IBBC','I','D','19:00:00','19:59:59'),('IBBC3','IBBC','I','D','20:00:00','20:59:59'),('IBBC3','IBBC','I','D','21:00:00','21:59:59'),('IBBC3','IBBC','I','D','22:00:00','22:59:59'),('IBBC3','IBBC','I','D','23:00:00','23:59:59'),('IBBC4','IBBC','I','D','06:00:00','06:59:59'),('IBBC4','IBBC','I','D','07:00:00','07:59:59'),('IBBC4','IBBC','I','D','08:00:00','08:59:59'),('IBBC4','IBBC','I','D','09:00:00','09:59:59'),('IBBC4','IBBC','I','D','10:00:00','10:59:59'),('IBBC4','IBBC','I','D','11:00:00','11:59:59'),('IBBC4','IBBC','I','D','12:00:00','12:59:59'),('IBBC4','IBBC','I','D','13:00:00','13:59:59'),('IBBC4','IBBC','I','D','14:00:00','14:59:59'),('IBBC4','IBBC','I','D','15:00:00','15:59:59'),('IBBC4','IBBC','I','D','16:00:00','16:59:59'),('IBBC4','IBBC','I','D','17:00:00','17:59:59'),('IBBC4','IBBC','I','D','18:00:00','18:59:59'),('IBBC4','IBBC','I','D','19:00:00','19:59:59'),('IBBC4','IBBC','I','D','20:00:00','20:59:59'),('IBBC4','IBBC','I','D','21:00:00','21:59:59'),('IBBC4','IBBC','I','D','22:00:00','22:59:59'),('IBBC4','IBBC','I','D','23:00:00','23:59:59'),('IBBC5','IBBC','I','D','06:00:00','06:59:59'),('IBBC5','IBBC','I','D','07:00:00','07:59:59'),('IBBC5','IBBC','I','D','08:00:00','08:59:59'),('IBBC5','IBBC','I','D','09:00:00','09:59:59'),('IBBC5','IBBC','I','D','10:00:00','10:59:59'),('IBBC5','IBBC','I','D','11:00:00','11:59:59'),('IBBC5','IBBC','I','D','12:00:00','12:59:59'),('IBBC5','IBBC','I','D','13:00:00','13:59:59'),('IBBC5','IBBC','I','D','14:00:00','14:59:59'),('IBBC5','IBBC','I','D','15:00:00','15:59:59'),('IBBC5','IBBC','I','D','16:00:00','16:59:59'),('IBBC5','IBBC','I','D','17:00:00','17:59:59'),('IBBC5','IBBC','I','D','18:00:00','18:59:59'),('IBBC5','IBBC','I','D','19:00:00','19:59:59'),('IBBC5','IBBC','I','D','20:00:00','20:59:59'),('IBBC5','IBBC','I','D','21:00:00','21:59:59'),('IBBC5','IBBC','I','D','22:00:00','22:59:59'),('IBBC5','IBBC','I','D','23:00:00','23:59:59'),
                                ('IVBC1','IVBC','I','D','06:00:00','06:59:59'),('IVBC1','IVBC','I','D','07:00:00','07:59:59'),('IVBC1','IVBC','I','D','08:00:00','08:59:59'),('IVBC1','IVBC','I','D','09:00:00','09:59:59'),('IVBC1','IVBC','I','D','10:00:00','10:59:59'),('IVBC1','IVBC','I','D','11:00:00','11:59:59'),('IVBC1','IVBC','I','D','12:00:00','12:59:59'),('IVBC1','IVBC','I','D','13:00:00','13:59:59'),('IVBC1','IVBC','I','D','14:00:00','14:59:59'),('IVBC1','IVBC','I','D','15:00:00','15:59:59'),('IVBC1','IVBC','I','D','16:00:00','16:59:59'),('IVBC1','IVBC','I','D','17:00:00','17:59:59'),('IVBC1','IVBC','I','D','18:00:00','18:59:59'),('IVBC1','IVBC','I','D','19:00:00','19:59:59'),('IVBC1','IVBC','I','D','20:00:00','20:59:59'),('IVBC1','IVBC','I','D','21:00:00','21:59:59'),('IVBC1','IVBC','I','D','22:00:00','22:59:59'),('IVBC1','IVBC','I','D','23:00:00','23:59:59'),('IVBC2','IVBC','I','D','06:00:00','06:59:59'),('IVBC2','IVBC','I','D','07:00:00','07:59:59'),('IVBC2','IVBC','I','D','08:00:00','08:59:59'),('IVBC2','IVBC','I','D','09:00:00','09:59:59'),('IVBC2','IVBC','I','D','10:00:00','10:59:59'),('IVBC2','IVBC','I','D','11:00:00','11:59:59'),('IVBC2','IVBC','I','D','12:00:00','12:59:59'),('IVBC2','IVBC','I','D','13:00:00','13:59:59'),('IVBC2','IVBC','I','D','14:00:00','14:59:59'),('IVBC2','IVBC','I','D','15:00:00','15:59:59'),('IVBC2','IVBC','I','D','16:00:00','16:59:59'),('IVBC2','IVBC','I','D','17:00:00','17:59:59'),('IVBC2','IVBC','I','D','18:00:00','18:59:59'),('IVBC2','IVBC','I','D','19:00:00','19:59:59'),('IVBC2','IVBC','I','D','20:00:00','20:59:59'),('IVBC2','IVBC','I','D','21:00:00','21:59:59'),('IVBC2','IVBC','I','D','22:00:00','22:59:59'),('IVBC2','IVBC','I','D','23:00:00','23:59:59'),('IVBC3','IVBC','I','D','06:00:00','06:59:59'),('IVBC3','IVBC','I','D','07:00:00','07:59:59'),('IVBC3','IVBC','I','D','08:00:00','08:59:59'),('IVBC3','IVBC','I','D','09:00:00','09:59:59'),('IVBC3','IVBC','I','D','10:00:00','10:59:59'),('IVBC3','IVBC','I','D','11:00:00','11:59:59'),('IVBC3','IVBC','I','D','12:00:00','12:59:59'),('IVBC3','IVBC','I','D','13:00:00','13:59:59'),('IVBC3','IVBC','I','D','14:00:00','14:59:59'),('IVBC3','IVBC','I','D','15:00:00','15:59:59'),('IVBC3','IVBC','I','D','16:00:00','16:59:59'),('IVBC3','IVBC','I','D','17:00:00','17:59:59'),('IVBC3','IVBC','I','D','18:00:00','18:59:59'),('IVBC3','IVBC','I','D','19:00:00','19:59:59'),('IVBC3','IVBC','I','D','20:00:00','20:59:59'),('IVBC3','IVBC','I','D','21:00:00','21:59:59'),('IVBC3','IVBC','I','D','22:00:00','22:59:59'),('IVBC3','IVBC','I','D','23:00:00','23:59:59'),('IVBC4','IVBC','I','D','06:00:00','06:59:59'),('IVBC4','IVBC','I','D','07:00:00','07:59:59'),('IVBC4','IVBC','I','D','08:00:00','08:59:59'),('IVBC4','IVBC','I','D','09:00:00','09:59:59'),('IVBC4','IVBC','I','D','10:00:00','10:59:59'),('IVBC4','IVBC','I','D','11:00:00','11:59:59'),('IVBC4','IVBC','I','D','12:00:00','12:59:59'),('IVBC4','IVBC','I','D','13:00:00','13:59:59'),('IVBC4','IVBC','I','D','14:00:00','14:59:59'),('IVBC4','IVBC','I','D','15:00:00','15:59:59'),('IVBC4','IVBC','I','D','16:00:00','16:59:59'),('IVBC4','IVBC','I','D','17:00:00','17:59:59'),('IVBC4','IVBC','I','D','18:00:00','18:59:59'),('IVBC4','IVBC','I','D','19:00:00','19:59:59'),('IVBC4','IVBC','I','D','20:00:00','20:59:59'),('IVBC4','IVBC','I','D','21:00:00','21:59:59'),('IVBC4','IVBC','I','D','22:00:00','22:59:59'),('IVBC4','IVBC','I','D','23:00:00','23:59:59'),('IVBC5','IVBC','I','D','06:00:00','06:59:59'),('IVBC5','IVBC','I','D','07:00:00','07:59:59'),('IVBC5','IVBC','I','D','08:00:00','08:59:59'),('IVBC5','IVBC','I','D','09:00:00','09:59:59'),('IVBC5','IVBC','I','D','10:00:00','10:59:59'),('IVBC5','IVBC','I','D','11:00:00','11:59:59'),('IVBC5','IVBC','I','D','12:00:00','12:59:59'),('IVBC5','IVBC','I','D','13:00:00','13:59:59'),('IVBC5','IVBC','I','D','14:00:00','14:59:59'),('IVBC5','IVBC','I','D','15:00:00','15:59:59'),('IVBC5','IVBC','I','D','16:00:00','16:59:59'),('IVBC5','IVBC','I','D','17:00:00','17:59:59'),('IVBC5','IVBC','I','D','18:00:00','18:59:59'),('IVBC5','IVBC','I','D','19:00:00','19:59:59'),('IVBC5','IVBC','I','D','20:00:00','20:59:59'),('IVBC5','IVBC','I','D','21:00:00','21:59:59'),('IVBC5','IVBC','I','D','22:00:00','22:59:59'),('IVBC5','IVBC','I','D','23:00:00','23:59:59'),('IVBC6','IVBC','I','D','06:00:00','06:59:59'),('IVBC6','IVBC','I','D','07:00:00','07:59:59'),('IVBC6','IVBC','I','D','08:00:00','08:59:59'),('IVBC6','IVBC','I','D','09:00:00','09:59:59'),('IVBC6','IVBC','I','D','10:00:00','10:59:59'),('IVBC6','IVBC','I','D','11:00:00','11:59:59'),('IVBC6','IVBC','I','D','12:00:00','12:59:59'),('IVBC6','IVBC','I','D','13:00:00','13:59:59'),('IVBC6','IVBC','I','D','14:00:00','14:59:59'),('IVBC6','IVBC','I','D','15:00:00','15:59:59'),('IVBC6','IVBC','I','D','16:00:00','16:59:59'),('IVBC6','IVBC','I','D','17:00:00','17:59:59'),('IVBC6','IVBC','I','D','18:00:00','18:59:59'),('IVBC6','IVBC','I','D','19:00:00','19:59:59'),('IVBC6','IVBC','I','D','20:00:00','20:59:59'),('IVBC6','IVBC','I','D','21:00:00','21:59:59'),('IVBC6','IVBC','I','D','22:00:00','22:59:59'),('IVBC6','IVBC','I','D','23:00:00','23:59:59'),('IVBC7','IVBC','I','D','06:00:00','06:59:59'),('IVBC7','IVBC','I','D','07:00:00','07:59:59'),('IVBC7','IVBC','I','D','08:00:00','08:59:59'),('IVBC7','IVBC','I','D','09:00:00','09:59:59'),('IVBC7','IVBC','I','D','10:00:00','10:59:59'),('IVBC7','IVBC','I','D','11:00:00','11:59:59'),('IVBC7','IVBC','I','D','12:00:00','12:59:59'),('IVBC7','IVBC','I','D','13:00:00','13:59:59'),('IVBC7','IVBC','I','D','14:00:00','14:59:59'),('IVBC7','IVBC','I','D','15:00:00','15:59:59'),('IVBC7','IVBC','I','D','16:00:00','16:59:59'),('IVBC7','IVBC','I','D','17:00:00','17:59:59'),('IVBC7','IVBC','I','D','18:00:00','18:59:59'),('IVBC7','IVBC','I','D','19:00:00','19:59:59'),('IVBC7','IVBC','I','D','20:00:00','20:59:59'),('IVBC7','IVBC','I','D','21:00:00','21:59:59'),('IVBC7','IVBC','I','D','22:00:00','22:59:59'),('IVBC7','IVBC','I','D','23:00:00','23:59:59'),('IVBC8','IVBC','I','D','06:00:00','06:59:59'),('IVBC8','IVBC','I','D','07:00:00','07:59:59'),('IVBC8','IVBC','I','D','08:00:00','08:59:59'),('IVBC8','IVBC','I','D','09:00:00','09:59:59'),('IVBC8','IVBC','I','D','10:00:00','10:59:59'),('IVBC8','IVBC','I','D','11:00:00','11:59:59'),('IVBC8','IVBC','I','D','12:00:00','12:59:59'),('IVBC8','IVBC','I','D','13:00:00','13:59:59'),('IVBC8','IVBC','I','D','14:00:00','14:59:59'),('IVBC8','IVBC','I','D','15:00:00','15:59:59'),('IVBC8','IVBC','I','D','16:00:00','16:59:59'),('IVBC8','IVBC','I','D','17:00:00','17:59:59'),('IVBC8','IVBC','I','D','18:00:00','18:59:59'),('IVBC8','IVBC','I','D','19:00:00','19:59:59'),('IVBC8','IVBC','I','D','20:00:00','20:59:59'),('IVBC8','IVBC','I','D','21:00:00','21:59:59'),('IVBC8','IVBC','I','D','22:00:00','22:59:59'),('IVBC8','IVBC','I','D','23:00:00','23:59:59'),('IVBC9','IVBC','I','D','06:00:00','06:59:59'),('IVBC9','IVBC','I','D','07:00:00','07:59:59'),('IVBC9','IVBC','I','D','08:00:00','08:59:59'),('IVBC9','IVBC','I','D','09:00:00','09:59:59'),('IVBC9','IVBC','I','D','10:00:00','10:59:59'),('IVBC9','IVBC','I','D','11:00:00','11:59:59'),('IVBC9','IVBC','I','D','12:00:00','12:59:59'),('IVBC9','IVBC','I','D','13:00:00','13:59:59'),('IVBC9','IVBC','I','D','14:00:00','14:59:59'),('IVBC9','IVBC','I','D','15:00:00','15:59:59'),('IVBC9','IVBC','I','D','16:00:00','16:59:59'),('IVBC9','IVBC','I','D','17:00:00','17:59:59'),('IVBC9','IVBC','I','D','18:00:00','18:59:59'),('IVBC9','IVBC','I','D','19:00:00','19:59:59'),('IVBC9','IVBC','I','D','20:00:00','20:59:59'),('IVBC9','IVBC','I','D','21:00:00','21:59:59'),('IVBC9','IVBC','I','D','22:00:00','22:59:59'),('IVBC9','IVBC','I','D','23:00:00','23:59:59'),
                                ('MR1','MR','I','D','06:00:00','06:59:59'),('MR1','MR','I','D','07:00:00','07:59:59'),('MR1','MR','I','D','08:00:00','08:59:59'),('MR1','MR','I','D','09:00:00','09:59:59'),('MR1','MR','I','D','10:00:00','10:59:59'),('MR1','MR','I','D','11:00:00','11:59:59'),('MR1','MR','I','D','12:00:00','12:59:59'),('MR1','MR','I','D','13:00:00','13:59:59'),('MR1','MR','I','D','14:00:00','14:59:59'),('MR1','MR','I','D','15:00:00','15:59:59'),('MR1','MR','I','D','16:00:00','16:59:59'),('MR1','MR','I','D','17:00:00','17:59:59'),('MR1','MR','I','D','18:00:00','18:59:59'),('MR1','MR','I','D','19:00:00','19:59:59'),('MR1','MR','I','D','20:00:00','20:59:59'),('MR1','MR','I','D','21:00:00','21:59:59'),('MR1','MR','I','D','22:00:00','22:59:59'),('MR1','MR','I','D','23:00:00','23:59:59'),('MR2','MR','I','D','06:00:00','06:59:59'),('MR2','MR','I','D','07:00:00','07:59:59'),('MR2','MR','I','D','08:00:00','08:59:59'),('MR2','MR','I','D','09:00:00','09:59:59'),('MR2','MR','I','D','10:00:00','10:59:59'),('MR2','MR','I','D','11:00:00','11:59:59'),('MR2','MR','I','D','12:00:00','12:59:59'),('MR2','MR','I','D','13:00:00','13:59:59'),('MR2','MR','I','D','14:00:00','14:59:59'),('MR2','MR','I','D','15:00:00','15:59:59'),('MR2','MR','I','D','16:00:00','16:59:59'),('MR2','MR','I','D','17:00:00','17:59:59'),('MR2','MR','I','D','18:00:00','18:59:59'),('MR2','MR','I','D','19:00:00','19:59:59'),('MR2','MR','I','D','20:00:00','20:59:59'),('MR2','MR','I','D','21:00:00','21:59:59'),('MR2','MR','I','D','22:00:00','22:59:59'),('MR2','MR','I','D','23:00:00','23:59:59'),('MR3','MR','I','D','06:00:00','06:59:59'),('MR3','MR','I','D','07:00:00','07:59:59'),('MR3','MR','I','D','08:00:00','08:59:59'),('MR3','MR','I','D','09:00:00','09:59:59'),('MR3','MR','I','D','10:00:00','10:59:59'),('MR3','MR','I','D','11:00:00','11:59:59'),('MR3','MR','I','D','12:00:00','12:59:59'),('MR3','MR','I','D','13:00:00','13:59:59'),('MR3','MR','I','D','14:00:00','14:59:59'),('MR3','MR','I','D','15:00:00','15:59:59'),('MR3','MR','I','D','16:00:00','16:59:59'),('MR3','MR','I','D','17:00:00','17:59:59'),('MR3','MR','I','D','18:00:00','18:59:59'),('MR3','MR','I','D','19:00:00','19:59:59'),('MR3','MR','I','D','20:00:00','20:59:59'),('MR3','MR','I','D','21:00:00','21:59:59'),('MR3','MR','I','D','22:00:00','22:59:59'),('MR3','MR','I','D','23:00:00','23:59:59'),('MR4','MR','I','D','06:00:00','06:59:59'),('MR4','MR','I','D','07:00:00','07:59:59'),('MR4','MR','I','D','08:00:00','08:59:59'),('MR4','MR','I','D','09:00:00','09:59:59'),('MR4','MR','I','D','10:00:00','10:59:59'),('MR4','MR','I','D','11:00:00','11:59:59'),('MR4','MR','I','D','12:00:00','12:59:59'),('MR4','MR','I','D','13:00:00','13:59:59'),('MR4','MR','I','D','14:00:00','14:59:59'),('MR4','MR','I','D','15:00:00','15:59:59'),('MR4','MR','I','D','16:00:00','16:59:59'),('MR4','MR','I','D','17:00:00','17:59:59'),('MR4','MR','I','D','18:00:00','18:59:59'),('MR4','MR','I','D','19:00:00','19:59:59'),('MR4','MR','I','D','20:00:00','20:59:59'),('MR4','MR','I','D','21:00:00','21:59:59'),('MR4','MR','I','D','22:00:00','22:59:59'),('MR4','MR','I','D','23:00:00','23:59:59'),
                                ('OBBC1','OBBC','O','D','06:00:00','07:59:59'),('OBBC1','OBBC','O','D','08:00:00','09:59:59'),('OBBC1','OBBC','O','D','10:00:00','11:59:59'),('OBBC1','OBBC','O','D','12:00:00','13:59:59'),('OBBC1','OBBC','O','D','14:00:00','15:59:59'),('OBBC1','OBBC','O','D','16:00:00','17:59:59'),('OBBC1','OBBC','O','D','18:00:00','19:59:59'),('OBBC1','OBBC','O','D','20:00:00','21:59:59'),('OBBC1','OBBC','O','D','22:00:00','23:59:59'),('OBBC2','OBBC','O','D','06:00:00','07:59:59'),('OBBC2','OBBC','O','D','08:00:00','09:59:59'),('OBBC2','OBBC','O','D','10:00:00','11:59:59'),('OBBC2','OBBC','O','D','12:00:00','13:59:59'),('OBBC2','OBBC','O','D','14:00:00','15:59:59'),('OBBC2','OBBC','O','D','16:00:00','17:59:59'),('OBBC2','OBBC','O','D','18:00:00','19:59:59'),('OBBC2','OBBC','O','D','20:00:00','21:59:59'),('OBBC2','OBBC','O','D','22:00:00','23:59:59'),
                                ('OVBC1','OVBC','O','D','06:00:00','07:59:59'),('OVBC1','OVBC','O','D','08:00:00','09:59:59'),('OVBC1','OVBC','O','D','10:00:00','11:59:59'),('OVBC1','OVBC','O','D','12:00:00','13:59:59'),('OVBC1','OVBC','O','D','14:00:00','15:59:59'),('OVBC1','OVBC','O','D','16:00:00','17:59:59'),('OVBC1','OVBC','O','D','18:00:00','19:59:59'),('OVBC1','OVBC','O','D','20:00:00','21:59:59'),('OVBC1','OVBC','O','D','22:00:00','23:59:59'),('OVBC2','OVBC','O','D','06:00:00','07:59:59'),('OVBC2','OVBC','O','D','08:00:00','09:59:59'),('OVBC2','OVBC','O','D','10:00:00','11:59:59'),('OVBC2','OVBC','O','D','12:00:00','13:59:59'),('OVBC2','OVBC','O','D','14:00:00','15:59:59'),('OVBC2','OVBC','O','D','16:00:00','17:59:59'),('OVBC2','OVBC','O','D','18:00:00','19:59:59'),('OVBC2','OVBC','O','D','20:00:00','21:59:59'),('OVBC2','OVBC','O','D','22:00:00','23:59:59'),
                                ('RBC1','RBC','I','D','06:00:00','06:29:59'),('RBC1','RBC','I','D','06:30:00','06:59:59'),('RBC1','RBC','I','D','07:00:00','07:29:59'),('RBC1','RBC','I','D','07:30:00','07:59:59'),('RBC1','RBC','I','D','08:00:00','08:29:59'),('RBC1','RBC','I','D','08:30:00','08:59:59'),('RBC1','RBC','I','D','09:00:00','09:29:59'),('RBC1','RBC','I','D','09:30:00','09:59:59'),('RBC1','RBC','I','D','10:00:00','10:29:59'),('RBC1','RBC','I','D','10:30:00','10:59:59'),('RBC1','RBC','I','D','11:00:00','11:29:59'),('RBC1','RBC','I','D','11:30:00','11:59:59'),('RBC1','RBC','I','D','12:00:00','12:29:59'),('RBC1','RBC','I','D','12:30:00','12:59:59'),('RBC1','RBC','I','D','13:00:00','13:29:59'),('RBC1','RBC','I','D','13:30:00','13:59:59'),('RBC1','RBC','I','D','14:00:00','14:29:59'),('RBC1','RBC','I','D','14:30:00','14:59:59'),('RBC1','RBC','I','D','15:00:00','15:29:59'),('RBC1','RBC','I','D','15:30:00','15:59:59'),('RBC1','RBC','I','D','16:00:00','16:29:59'),('RBC1','RBC','I','D','16:30:00','16:59:59'),('RBC1','RBC','I','D','17:00:00','17:29:59'),('RBC1','RBC','I','D','17:30:00','17:59:59'),('RBC1','RBC','I','D','18:00:00','18:29:59'),('RBC1','RBC','I','D','18:30:00','18:59:59'),('RBC1','RBC','I','D','19:00:00','19:29:59'),('RBC1','RBC','I','D','19:30:00','19:59:59'),('RBC1','RBC','I','D','20:00:00','20:29:59'),('RBC1','RBC','I','D','20:30:00','20:59:59'),('RBC1','RBC','I','D','21:00:00','21:29:59'),('RBC1','RBC','I','D','21:30:00','21:59:59'),('RBC1','RBC','I','D','21:00:00','22:29:59'),('RBC1','RBC','I','D','22:30:00','22:59:59'),('RBC1','RBC','I','D','23:00:00','23:29:59'),('RBC1','RBC','I','D','23:30:00','23:59:59'),('RBC2','RBC','I','D','06:00:00','06:29:59'),('RBC2','RBC','I','D','06:30:00','06:59:59'),('RBC2','RBC','I','D','07:00:00','07:29:59'),('RBC2','RBC','I','D','07:30:00','07:59:59'),('RBC2','RBC','I','D','08:00:00','08:29:59'),('RBC2','RBC','I','D','08:30:00','08:59:59'),('RBC2','RBC','I','D','09:00:00','09:29:59'),('RBC2','RBC','I','D','09:30:00','09:59:59'),('RBC2','RBC','I','D','10:00:00','10:29:59'),('RBC2','RBC','I','D','10:30:00','10:59:59'),('RBC2','RBC','I','D','11:00:00','11:29:59'),('RBC2','RBC','I','D','11:30:00','11:59:59'),('RBC2','RBC','I','D','12:00:00','12:29:59'),('RBC2','RBC','I','D','12:30:00','12:59:59'),('RBC2','RBC','I','D','13:00:00','13:29:59'),('RBC2','RBC','I','D','13:30:00','13:59:59'),('RBC2','RBC','I','D','14:00:00','14:29:59'),('RBC2','RBC','I','D','14:30:00','14:59:59'),('RBC2','RBC','I','D','15:00:00','15:29:59'),('RBC2','RBC','I','D','15:30:00','15:59:59'),('RBC2','RBC','I','D','16:00:00','16:29:59'),('RBC2','RBC','I','D','16:30:00','16:59:59'),('RBC2','RBC','I','D','17:00:00','17:29:59'),('RBC2','RBC','I','D','17:30:00','17:59:59'),('RBC2','RBC','I','D','18:00:00','18:29:59'),('RBC2','RBC','I','D','18:30:00','18:59:59'),('RBC2','RBC','I','D','19:00:00','19:29:59'),('RBC2','RBC','I','D','19:30:00','19:59:59'),('RBC2','RBC','I','D','20:00:00','20:29:59'),('RBC2','RBC','I','D','20:30:00','20:59:59'),('RBC2','RBC','I','D','21:00:00','21:29:59'),('RBC2','RBC','I','D','21:30:00','21:59:59'),('RBC2','RBC','I','D','21:00:00','22:29:59'),('RBC2','RBC','I','D','22:30:00','22:59:59'),('RBC2','RBC','I','D','23:00:00','23:29:59'),('RBC2','RBC','I','D','23:30:00','23:59:59'),('RBC3','RBC','I','D','06:00:00','06:29:59'),('RBC3','RBC','I','D','06:30:00','06:59:59'),('RBC3','RBC','I','D','07:00:00','07:29:59'),('RBC3','RBC','I','D','07:30:00','07:59:59'),('RBC3','RBC','I','D','08:00:00','08:29:59'),('RBC3','RBC','I','D','08:30:00','08:59:59'),('RBC3','RBC','I','D','09:00:00','09:29:59'),('RBC3','RBC','I','D','09:30:00','09:59:59'),('RBC3','RBC','I','D','10:00:00','10:29:59'),('RBC3','RBC','I','D','10:30:00','10:59:59'),('RBC3','RBC','I','D','11:00:00','11:29:59'),('RBC3','RBC','I','D','11:30:00','11:59:59'),('RBC3','RBC','I','D','12:00:00','12:29:59'),('RBC3','RBC','I','D','12:30:00','12:59:59'),('RBC3','RBC','I','D','13:00:00','13:29:59'),('RBC3','RBC','I','D','13:30:00','13:59:59'),('RBC3','RBC','I','D','14:00:00','14:29:59'),('RBC3','RBC','I','D','14:30:00','14:59:59'),('RBC3','RBC','I','D','15:00:00','15:29:59'),('RBC3','RBC','I','D','15:30:00','15:59:59'),('RBC3','RBC','I','D','16:00:00','16:29:59'),('RBC3','RBC','I','D','16:30:00','16:59:59'),('RBC3','RBC','I','D','17:00:00','17:29:59'),('RBC3','RBC','I','D','17:30:00','17:59:59'),('RBC3','RBC','I','D','18:00:00','18:29:59'),('RBC3','RBC','I','D','18:30:00','18:59:59'),('RBC3','RBC','I','D','19:00:00','19:29:59'),('RBC3','RBC','I','D','19:30:00','19:59:59'),('RBC3','RBC','I','D','20:00:00','20:29:59'),('RBC3','RBC','I','D','20:30:00','20:59:59'),('RBC3','RBC','I','D','21:00:00','21:29:59'),('RBC3','RBC','I','D','21:30:00','21:59:59'),('RBC3','RBC','I','D','21:00:00','22:29:59'),('RBC3','RBC','I','D','22:30:00','22:59:59'),('RBC3','RBC','I','D','23:00:00','23:29:59'),('RBC3','RBC','I','D','23:30:00','23:59:59'),('RBC4','RBC','I','D','06:00:00','06:29:59'),('RBC4','RBC','I','D','06:30:00','06:59:59'),('RBC4','RBC','I','D','07:00:00','07:29:59'),('RBC4','RBC','I','D','07:30:00','07:59:59'),('RBC4','RBC','I','D','08:00:00','08:29:59'),('RBC4','RBC','I','D','08:30:00','08:59:59'),('RBC4','RBC','I','D','09:00:00','09:29:59'),('RBC4','RBC','I','D','09:30:00','09:59:59'),('RBC4','RBC','I','D','10:00:00','10:29:59'),('RBC4','RBC','I','D','10:30:00','10:59:59'),('RBC4','RBC','I','D','11:00:00','11:29:59'),('RBC4','RBC','I','D','11:30:00','11:59:59'),('RBC4','RBC','I','D','12:00:00','12:29:59'),('RBC4','RBC','I','D','12:30:00','12:59:59'),('RBC4','RBC','I','D','13:00:00','13:29:59'),('RBC4','RBC','I','D','13:30:00','13:59:59'),('RBC4','RBC','I','D','14:00:00','14:29:59'),('RBC4','RBC','I','D','14:30:00','14:59:59'),('RBC4','RBC','I','D','15:00:00','15:29:59'),('RBC4','RBC','I','D','15:30:00','15:59:59'),('RBC4','RBC','I','D','16:00:00','16:29:59'),('RBC4','RBC','I','D','16:30:00','16:59:59'),('RBC4','RBC','I','D','17:00:00','17:29:59'),('RBC4','RBC','I','D','17:30:00','17:59:59'),('RBC4','RBC','I','D','18:00:00','18:29:59'),('RBC4','RBC','I','D','18:30:00','18:59:59'),('RBC4','RBC','I','D','19:00:00','19:29:59'),('RBC4','RBC','I','D','19:30:00','19:59:59'),('RBC4','RBC','I','D','20:00:00','20:29:59'),('RBC4','RBC','I','D','20:30:00','20:59:59'),('RBC4','RBC','I','D','21:00:00','21:29:59'),('RBC4','RBC','I','D','21:30:00','21:59:59'),('RBC4','RBC','I','D','21:00:00','22:29:59'),('RBC4','RBC','I','D','22:30:00','22:59:59'),('RBC4','RBC','I','D','23:00:00','23:29:59'),('RBC4','RBC','I','D','23:30:00','23:59:59'),('RBC5','RBC','I','D','06:00:00','06:29:59'),('RBC5','RBC','I','D','06:30:00','06:59:59'),('RBC5','RBC','I','D','07:00:00','07:29:59'),('RBC5','RBC','I','D','07:30:00','07:59:59'),('RBC5','RBC','I','D','08:00:00','08:29:59'),('RBC5','RBC','I','D','08:30:00','08:59:59'),('RBC5','RBC','I','D','09:00:00','09:29:59'),('RBC5','RBC','I','D','09:30:00','09:59:59'),('RBC5','RBC','I','D','10:00:00','10:29:59'),('RBC5','RBC','I','D','10:30:00','10:59:59'),('RBC5','RBC','I','D','11:00:00','11:29:59'),('RBC5','RBC','I','D','11:30:00','11:59:59'),('RBC5','RBC','I','D','12:00:00','12:29:59'),('RBC5','RBC','I','D','12:30:00','12:59:59'),('RBC5','RBC','I','D','13:00:00','13:29:59'),('RBC5','RBC','I','D','13:30:00','13:59:59'),('RBC5','RBC','I','D','14:00:00','14:29:59'),('RBC5','RBC','I','D','14:30:00','14:59:59'),('RBC5','RBC','I','D','15:00:00','15:29:59'),('RBC5','RBC','I','D','15:30:00','15:59:59'),('RBC5','RBC','I','D','16:00:00','16:29:59'),('RBC5','RBC','I','D','16:30:00','16:59:59'),('RBC5','RBC','I','D','17:00:00','17:29:59'),('RBC5','RBC','I','D','17:30:00','17:59:59'),('RBC5','RBC','I','D','18:00:00','18:29:59'),('RBC5','RBC','I','D','18:30:00','18:59:59'),('RBC5','RBC','I','D','19:00:00','19:29:59'),('RBC5','RBC','I','D','19:30:00','19:59:59'),('RBC5','RBC','I','D','20:00:00','20:29:59'),('RBC5','RBC','I','D','20:30:00','20:59:59'),('RBC5','RBC','I','D','21:00:00','21:29:59'),('RBC5','RBC','I','D','21:30:00','21:59:59'),('RBC5','RBC','I','D','21:00:00','22:29:59'),('RBC5','RBC','I','D','22:30:00','22:59:59'),('RBC5','RBC','I','D','23:00:00','23:29:59'),('RBC5','RBC','I','D','23:30:00','23:59:59'),
                                ('SCG','SCG','I','D','06:00:00','07:59:59'),('SCG','SCG','I','D','08:00:00','09:59:59'),('SCG','SCG','I','D','10:00:00','11:59:59'),('SCG','SCG','I','D','12:00:00','13:59:59'),('SCG','SCG','I','D','14:00:00','15:59:59'),('SCG','SCG','I','D','16:00:00','17:59:59'),('SCG','SCG','I','D','18:00:00','19:59:59'),('SCG','SCG','I','D','20:00:00','21:59:59'),('SCG','SCG','I','D','22:00:00','23:59:59'),
                                ('TT1','TT','I','D','06:00:00','06:29:59'),('TT1','TT','I','D','06:30:00','06:59:59'),('TT1','TT','I','D','07:00:00','07:29:59'),('TT1','TT','I','D','07:30:00','07:59:59'),('TT1','TT','I','D','08:00:00','08:29:59'),('TT1','TT','I','D','08:30:00','08:59:59'),('TT1','TT','I','D','09:00:00','09:29:59'),('TT1','TT','I','D','09:30:00','09:59:59'),('TT1','TT','I','D','10:00:00','10:29:59'),('TT1','TT','I','D','10:30:00','10:59:59'),('TT1','TT','I','D','11:00:00','11:29:59'),('TT1','TT','I','D','11:30:00','11:59:59'),('TT1','TT','I','D','12:00:00','12:29:59'),('TT1','TT','I','D','12:30:00','12:59:59'),('TT1','TT','I','D','13:00:00','13:29:59'),('TT1','TT','I','D','13:30:00','13:59:59'),('TT1','TT','I','D','14:00:00','14:29:59'),('TT1','TT','I','D','14:30:00','14:59:59'),('TT1','TT','I','D','15:00:00','15:29:59'),('TT1','TT','I','D','15:30:00','15:59:59'),('TT1','TT','I','D','16:00:00','16:29:59'),('TT1','TT','I','D','16:30:00','16:59:59'),('TT1','TT','I','D','17:00:00','17:29:59'),('TT1','TT','I','D','17:30:00','17:59:59'),('TT1','TT','I','D','18:00:00','18:29:59'),('TT1','TT','I','D','18:30:00','18:59:59'),('TT1','TT','I','D','19:00:00','19:29:59'),('TT1','TT','I','D','19:30:00','19:59:59'),('TT1','TT','I','D','20:00:00','20:29:59'),('TT1','TT','I','D','20:30:00','20:59:59'),('TT1','TT','I','D','21:00:00','21:29:59'),('TT1','TT','I','D','21:30:00','21:59:59'),('TT1','TT','I','D','21:00:00','22:29:59'),('TT1','TT','I','D','22:30:00','22:59:59'),('TT1','TT','I','D','23:00:00','23:29:59'),('TT1','TT','I','D','23:30:00','23:59:59'),
                               

                                ('BMC1','BMC','I','E','12:00:00','12:29:59'),('BMC1','BMC','I','E','12:30:00','12:59:59'),('BMC1','BMC','I','E','13:00:00','13:29:59'),('BMC1','BMC','I','E','13:30:00','13:59:59'),('BMC1','BMC','I','E','14:00:00','14:29:59'),('BMC1','BMC','I','E','14:30:00','14:59:59'),('BMC1','BMC','I','E','15:00:00','15:29:59'),('BMC1','BMC','I','E','15:30:00','15:59:59'),('BMC1','BMC','I','E','16:00:00','16:29:59'),('BMC1','BMC','I','E','16:30:00','16:59:59'),('BMC1','BMC','I','E','17:00:00','17:29:59'),('BMC1','BMC','I','E','17:30:00','17:59:59'),('BMC1','BMC','I','E','18:00:00','18:29:59'),('BMC1','BMC','I','E','18:30:00','18:59:59'),('BMC1','BMC','I','E','19:00:00','19:29:59'),('BMC1','BMC','I','E','19:30:00','19:59:59'),('BMC1','BMC','I','E','20:00:00','20:29:59'),('BMC1','BMC','I','E','20:30:00','20:59:59'),('BMC1','BMC','I','E','21:00:00','21:29:59'),('BMC1','BMC','I','E','21:30:00','21:59:59'),('BMC1','BMC','I','E','21:00:00','22:29:59'),('BMC1','BMC','I','E','22:30:00','22:59:59'),('BMC1','BMC','I','E','23:00:00','23:29:59'),('BMC1','BMC','I','E','23:30:00','23:59:59'),('BMC2','BMC','I','E','12:00:00','12:29:59'),('BMC2','BMC','I','E','12:30:00','12:59:59'),('BMC2','BMC','I','E','13:00:00','13:29:59'),('BMC2','BMC','I','E','13:30:00','13:59:59'),('BMC2','BMC','I','E','14:00:00','14:29:59'),('BMC2','BMC','I','E','14:30:00','14:59:59'),('BMC2','BMC','I','E','15:00:00','15:29:59'),('BMC2','BMC','I','E','15:30:00','15:59:59'),('BMC2','BMC','I','E','16:00:00','16:29:59'),('BMC2','BMC','I','E','16:30:00','16:59:59'),('BMC2','BMC','I','E','17:00:00','17:29:59'),('BMC2','BMC','I','E','17:30:00','17:59:59'),('BMC2','BMC','I','E','18:00:00','18:29:59'),('BMC2','BMC','I','E','18:30:00','18:59:59'),('BMC2','BMC','I','E','19:00:00','19:29:59'),('BMC2','BMC','I','E','19:30:00','19:59:59'),('BMC2','BMC','I','E','20:00:00','20:29:59'),('BMC2','BMC','I','E','20:30:00','20:59:59'),('BMC2','BMC','I','E','21:00:00','21:29:59'),('BMC2','BMC','I','E','21:30:00','21:59:59'),('BMC2','BMC','I','E','21:00:00','22:29:59'),('BMC2','BMC','I','E','22:30:00','22:59:59'),('BMC2','BMC','I','E','23:00:00','23:29:59'),('BMC2','BMC','I','E','23:30:00','23:59:59'),('BMC3','BMC','I','E','12:00:00','12:29:59'),('BMC3','BMC','I','E','12:30:00','12:59:59'),('BMC3','BMC','I','E','13:00:00','13:29:59'),('BMC3','BMC','I','E','13:30:00','13:59:59'),('BMC3','BMC','I','E','14:00:00','14:29:59'),('BMC3','BMC','I','E','14:30:00','14:59:59'),('BMC3','BMC','I','E','15:00:00','15:29:59'),('BMC3','BMC','I','E','15:30:00','15:59:59'),('BMC3','BMC','I','E','16:00:00','16:29:59'),('BMC3','BMC','I','E','16:30:00','16:59:59'),('BMC3','BMC','I','E','17:00:00','17:29:59'),('BMC3','BMC','I','E','17:30:00','17:59:59'),('BMC3','BMC','I','E','18:00:00','18:29:59'),('BMC3','BMC','I','E','18:30:00','18:59:59'),('BMC3','BMC','I','E','19:00:00','19:29:59'),('BMC3','BMC','I','E','19:30:00','19:59:59'),('BMC3','BMC','I','E','20:00:00','20:29:59'),('BMC3','BMC','I','E','20:30:00','20:59:59'),('BMC3','BMC','I','E','21:00:00','21:29:59'),('BMC3','BMC','I','E','21:30:00','21:59:59'),('BMC3','BMC','I','E','21:00:00','22:29:59'),('BMC3','BMC','I','E','22:30:00','22:59:59'),('BMC3','BMC','I','E','23:00:00','23:29:59'),('BMC3','BMC','I','E','23:30:00','23:59:59'),('BMC4','BMC','I','E','12:00:00','12:29:59'),('BMC4','BMC','I','E','12:30:00','12:59:59'),('BMC4','BMC','I','E','13:00:00','13:29:59'),('BMC4','BMC','I','E','13:30:00','13:59:59'),('BMC4','BMC','I','E','14:00:00','14:29:59'),('BMC4','BMC','I','E','14:30:00','14:59:59'),('BMC4','BMC','I','E','15:00:00','15:29:59'),('BMC4','BMC','I','E','15:30:00','15:59:59'),('BMC4','BMC','I','E','16:00:00','16:29:59'),('BMC4','BMC','I','E','16:30:00','16:59:59'),('BMC4','BMC','I','E','17:00:00','17:29:59'),('BMC4','BMC','I','E','17:30:00','17:59:59'),('BMC4','BMC','I','E','18:00:00','18:29:59'),('BMC4','BMC','I','E','18:30:00','18:59:59'),('BMC4','BMC','I','E','19:00:00','19:29:59'),('BMC4','BMC','I','E','19:30:00','19:59:59'),('BMC4','BMC','I','E','20:00:00','20:29:59'),('BMC4','BMC','I','E','20:30:00','20:59:59'),('BMC4','BMC','I','E','21:00:00','21:29:59'),('BMC4','BMC','I','E','21:30:00','21:59:59'),('BMC4','BMC','I','E','21:00:00','22:29:59'),('BMC4','BMC','I','E','22:30:00','22:59:59'),('BMC4','BMC','I','E','23:00:00','23:29:59'),('BMC4','BMC','I','E','23:30:00','23:59:59'),('BMC5','BMC','I','E','12:00:00','12:29:59'),('BMC5','BMC','I','E','12:30:00','12:59:59'),('BMC5','BMC','I','E','13:00:00','13:29:59'),('BMC5','BMC','I','E','13:30:00','13:59:59'),('BMC5','BMC','I','E','14:00:00','14:29:59'),('BMC5','BMC','I','E','14:30:00','14:59:59'),('BMC5','BMC','I','E','15:00:00','15:29:59'),('BMC5','BMC','I','E','15:30:00','15:59:59'),('BMC5','BMC','I','E','16:00:00','16:29:59'),('BMC5','BMC','I','E','16:30:00','16:59:59'),('BMC5','BMC','I','E','17:00:00','17:29:59'),('BMC5','BMC','I','E','17:30:00','17:59:59'),('BMC5','BMC','I','E','18:00:00','18:29:59'),('BMC5','BMC','I','E','18:30:00','18:59:59'),('BMC5','BMC','I','E','19:00:00','19:29:59'),('BMC5','BMC','I','E','19:30:00','19:59:59'),('BMC5','BMC','I','E','20:00:00','20:29:59'),('BMC5','BMC','I','E','20:30:00','20:59:59'),('BMC5','BMC','I','E','21:00:00','21:29:59'),('BMC5','BMC','I','E','21:30:00','21:59:59'),('BMC5','BMC','I','E','21:00:00','22:29:59'),('BMC5','BMC','I','E','22:30:00','22:59:59'),('BMC5','BMC','I','E','23:00:00','23:29:59'),('BMC5','BMC','I','E','23:30:00','23:59:59'),('BMC6','BMC','I','E','12:00:00','12:29:59'),('BMC6','BMC','I','E','12:30:00','12:59:59'),('BMC6','BMC','I','E','13:00:00','13:29:59'),('BMC6','BMC','I','E','13:30:00','13:59:59'),('BMC6','BMC','I','E','14:00:00','14:29:59'),('BMC6','BMC','I','E','14:30:00','14:59:59'),('BMC6','BMC','I','E','15:00:00','15:29:59'),('BMC6','BMC','I','E','15:30:00','15:59:59'),('BMC6','BMC','I','E','16:00:00','16:29:59'),('BMC6','BMC','I','E','16:30:00','16:59:59'),('BMC6','BMC','I','E','17:00:00','17:29:59'),('BMC6','BMC','I','E','17:30:00','17:59:59'),('BMC6','BMC','I','E','18:00:00','18:29:59'),('BMC6','BMC','I','E','18:30:00','18:59:59'),('BMC6','BMC','I','E','19:00:00','19:29:59'),('BMC6','BMC','I','E','19:30:00','19:59:59'),('BMC6','BMC','I','E','20:00:00','20:29:59'),('BMC6','BMC','I','E','20:30:00','20:59:59'),('BMC6','BMC','I','E','21:00:00','21:29:59'),('BMC6','BMC','I','E','21:30:00','21:59:59'),('BMC6','BMC','I','E','21:00:00','22:29:59'),('BMC6','BMC','I','E','22:30:00','22:59:59'),('BMC6','BMC','I','E','23:00:00','23:29:59'),('BMC6','BMC','I','E','23:30:00','23:59:59'),
                                ('BMC7','BMC','I','E','12:00:00','12:29:59'),('BMC7','BMC','I','E','12:30:00','12:59:59'),('BMC7','BMC','I','E','13:00:00','13:29:59'),('BMC7','BMC','I','E','13:30:00','13:59:59'),('BMC7','BMC','I','E','14:00:00','14:29:59'),('BMC7','BMC','I','E','14:30:00','14:59:59'),('BMC7','BMC','I','E','15:00:00','15:29:59'),('BMC7','BMC','I','E','15:30:00','15:59:59'),('BMC7','BMC','I','E','16:00:00','16:29:59'),('BMC7','BMC','I','E','16:30:00','16:59:59'),('BMC7','BMC','I','E','17:00:00','17:29:59'),('BMC7','BMC','I','E','17:30:00','17:59:59'),('BMC7','BMC','I','E','18:00:00','18:29:59'),('BMC7','BMC','I','E','18:30:00','18:59:59'),('BMC7','BMC','I','E','19:00:00','19:29:59'),('BMC7','BMC','I','E','19:30:00','19:59:59'),('BMC7','BMC','I','E','20:00:00','20:29:59'),('BMC7','BMC','I','E','20:30:00','20:59:59'),('BMC7','BMC','I','E','21:00:00','21:29:59'),('BMC7','BMC','I','E','21:30:00','21:59:59'),('BMC7','BMC','I','E','21:00:00','22:29:59'),('BMC7','BMC','I','E','22:30:00','22:59:59'),('BMC7','BMC','I','E','23:00:00','23:29:59'),('BMC7','BMC','I','E','23:30:00','23:59:59'),('BMC8','BMC','I','E','12:00:00','12:29:59'),('BMC8','BMC','I','E','12:30:00','12:59:59'),('BMC8','BMC','I','E','13:00:00','13:29:59'),('BMC8','BMC','I','E','13:30:00','13:59:59'),('BMC8','BMC','I','E','14:00:00','14:29:59'),('BMC8','BMC','I','E','14:30:00','14:59:59'),('BMC8','BMC','I','E','15:00:00','15:29:59'),('BMC8','BMC','I','E','15:30:00','15:59:59'),('BMC8','BMC','I','E','16:00:00','16:29:59'),('BMC8','BMC','I','E','16:30:00','16:59:59'),('BMC8','BMC','I','E','17:00:00','17:29:59'),('BMC8','BMC','I','E','17:30:00','17:59:59'),('BMC8','BMC','I','E','18:00:00','18:29:59'),('BMC8','BMC','I','E','18:30:00','18:59:59'),('BMC8','BMC','I','E','19:00:00','19:29:59'),('BMC8','BMC','I','E','19:30:00','19:59:59'),('BMC8','BMC','I','E','20:00:00','20:29:59'),('BMC8','BMC','I','E','20:30:00','20:59:59'),('BMC8','BMC','I','E','21:00:00','21:29:59'),('BMC8','BMC','I','E','21:30:00','21:59:59'),('BMC8','BMC','I','E','21:00:00','22:29:59'),('BMC8','BMC','I','E','22:30:00','22:59:59'),('BMC8','BMC','I','E','23:00:00','23:29:59'),('BMC8','BMC','I','E','23:30:00','23:59:59'),('BMC9','BMC','I','E','12:00:00','12:29:59'),('BMC9','BMC','I','E','12:30:00','12:59:59'),('BMC9','BMC','I','E','13:00:00','13:29:59'),('BMC9','BMC','I','E','13:30:00','13:59:59'),('BMC9','BMC','I','E','14:00:00','14:29:59'),('BMC9','BMC','I','E','14:30:00','14:59:59'),('BMC9','BMC','I','E','15:00:00','15:29:59'),('BMC9','BMC','I','E','15:30:00','15:59:59'),('BMC9','BMC','I','E','16:00:00','16:29:59'),('BMC9','BMC','I','E','16:30:00','16:59:59'),('BMC9','BMC','I','E','17:00:00','17:29:59'),('BMC9','BMC','I','E','17:30:00','17:59:59'),('BMC9','BMC','I','E','18:00:00','18:29:59'),('BMC9','BMC','I','E','18:30:00','18:59:59'),('BMC9','BMC','I','E','19:00:00','19:29:59'),('BMC9','BMC','I','E','19:30:00','19:59:59'),('BMC9','BMC','I','E','20:00:00','20:29:59'),('BMC9','BMC','I','E','20:30:00','20:59:59'),('BMC9','BMC','I','E','21:00:00','21:29:59'),('BMC9','BMC','I','E','21:30:00','21:59:59'),('BMC9','BMC','I','E','21:00:00','22:29:59'),('BMC9','BMC','I','E','22:30:00','22:59:59'),('BMC9','BMC','I','E','23:00:00','23:29:59'),('BMC9','BMC','I','E','23:30:00','23:59:59'),('BMC10','BMC','I','E','12:00:00','12:29:59'),('BMC10','BMC','I','E','12:30:00','12:59:59'),('BMC10','BMC','I','E','13:00:00','13:29:59'),('BMC10','BMC','I','E','13:30:00','13:59:59'),('BMC10','BMC','I','E','14:00:00','14:29:59'),('BMC10','BMC','I','E','14:30:00','14:59:59'),('BMC10','BMC','I','E','15:00:00','15:29:59'),('BMC10','BMC','I','E','15:30:00','15:59:59'),('BMC10','BMC','I','E','16:00:00','16:29:59'),('BMC10','BMC','I','E','16:30:00','16:59:59'),('BMC10','BMC','I','E','17:00:00','17:29:59'),('BMC10','BMC','I','E','17:30:00','17:59:59'),('BMC10','BMC','I','E','18:00:00','18:29:59'),('BMC10','BMC','I','E','18:30:00','18:59:59'),('BMC10','BMC','I','E','19:00:00','19:29:59'),('BMC10','BMC','I','E','19:30:00','19:59:59'),('BMC10','BMC','I','E','20:00:00','20:29:59'),('BMC10','BMC','I','E','20:30:00','20:59:59'),('BMC10','BMC','I','E','21:00:00','21:29:59'),('BMC10','BMC','I','E','21:30:00','21:59:59'),('BMC10','BMC','I','E','21:00:00','22:29:59'),('BMC10','BMC','I','E','22:30:00','22:59:59'),('BMC10','BMC','I','E','23:00:00','23:29:59'),('BMC10','BMC','I','E','23:30:00','23:59:59'),
                                ('CR1','CR','I','E','12:00:00','12:59:59'),('CR1','CR','I','E','13:00:00','13:59:59'),('CR1','CR','I','E','14:00:00','14:59:59'),('CR1','CR','I','E','15:00:00','15:59:59'),('CR1','CR','I','E','16:00:00','16:59:59'),('CR1','CR','I','E','17:00:00','17:59:59'),('CR1','CR','I','E','18:00:00','18:59:59'),('CR1','CR','I','E','19:00:00','19:59:59'),('CR1','CR','I','E','20:00:00','20:59:59'),('CR1','CR','I','E','21:00:00','21:59:59'),('CR1','CR','I','E','22:00:00','22:59:59'),('CR1','CR','I','E','23:00:00','23:59:59'),('CR2','CR','I','E','12:00:00','12:59:59'),('CR2','CR','I','E','13:00:00','13:59:59'),('CR2','CR','I','E','14:00:00','14:59:59'),('CR2','CR','I','E','15:00:00','15:59:59'),('CR2','CR','I','E','16:00:00','16:59:59'),('CR2','CR','I','E','17:00:00','17:59:59'),('CR2','CR','I','E','18:00:00','18:59:59'),('CR2','CR','I','E','19:00:00','19:59:59'),('CR2','CR','I','E','20:00:00','20:59:59'),('CR2','CR','I','E','21:00:00','21:59:59'),('CR2','CR','I','E','22:00:00','22:59:59'),('CR2','CR','I','E','23:00:00','23:59:59'),('CR3','CR','I','E','12:00:00','12:59:59'),('CR3','CR','I','E','13:00:00','13:59:59'),('CR3','CR','I','E','14:00:00','14:59:59'),('CR3','CR','I','E','15:00:00','15:59:59'),('CR3','CR','I','E','16:00:00','16:59:59'),('CR3','CR','I','E','17:00:00','17:59:59'),('CR3','CR','I','E','18:00:00','18:59:59'),('CR3','CR','I','E','19:00:00','19:59:59'),('CR3','CR','I','E','20:00:00','20:59:59'),('CR3','CR','I','E','21:00:00','21:59:59'),('CR3','CR','I','E','22:00:00','22:59:59'),('CR3','CR','I','E','23:00:00','23:59:59'),('CR4','CR','I','E','12:00:00','12:59:59'),('CR4','CR','I','E','13:00:00','13:59:59'),('CR4','CR','I','E','14:00:00','14:59:59'),('CR4','CR','I','E','15:00:00','15:59:59'),('CR4','CR','I','E','16:00:00','16:59:59'),('CR4','CR','I','E','17:00:00','17:59:59'),('CR4','CR','I','E','18:00:00','18:59:59'),('CR4','CR','I','E','19:00:00','19:59:59'),('CR4','CR','I','E','20:00:00','20:59:59'),('CR4','CR','I','E','21:00:00','21:59:59'),('CR4','CR','I','E','22:00:00','22:59:59'),('CR4','CR','I','E','23:00:00','23:59:59'),('CR5','CR','I','E','12:00:00','12:59:59'),('CR5','CR','I','E','13:00:00','13:59:59'),('CR5','CR','I','E','14:00:00','14:59:59'),('CR5','CR','I','E','15:00:00','15:59:59'),('CR5','CR','I','E','16:00:00','16:59:59'),('CR5','CR','I','E','17:00:00','17:59:59'),('CR5','CR','I','E','18:00:00','18:59:59'),('CR5','CR','I','E','19:00:00','19:59:59'),('CR5','CR','I','E','20:00:00','20:59:59'),('CR5','CR','I','E','21:00:00','21:59:59'),('CR5','CR','I','E','22:00:00','22:59:59'),('CR5','CR','I','E','23:00:00','23:59:59'),
                                ('IBBC1','IBBC','I','E','12:00:00','12:59:59'),('IBBC1','IBBC','I','E','13:00:00','13:59:59'),('IBBC1','IBBC','I','E','14:00:00','14:59:59'),('IBBC1','IBBC','I','E','15:00:00','15:59:59'),('IBBC1','IBBC','I','E','16:00:00','16:59:59'),('IBBC1','IBBC','I','E','17:00:00','17:59:59'),('IBBC1','IBBC','I','E','18:00:00','18:59:59'),('IBBC1','IBBC','I','E','19:00:00','19:59:59'),('IBBC1','IBBC','I','E','20:00:00','20:59:59'),('IBBC1','IBBC','I','E','21:00:00','21:59:59'),('IBBC1','IBBC','I','E','22:00:00','22:59:59'),('IBBC1','IBBC','I','E','23:00:00','23:59:59'),('IBBC2','IBBC','I','E','12:00:00','12:59:59'),('IBBC2','IBBC','I','E','13:00:00','13:59:59'),('IBBC2','IBBC','I','E','14:00:00','14:59:59'),('IBBC2','IBBC','I','E','15:00:00','15:59:59'),('IBBC2','IBBC','I','E','16:00:00','16:59:59'),('IBBC2','IBBC','I','E','17:00:00','17:59:59'),('IBBC2','IBBC','I','E','18:00:00','18:59:59'),('IBBC2','IBBC','I','E','19:00:00','19:59:59'),('IBBC2','IBBC','I','E','20:00:00','20:59:59'),('IBBC2','IBBC','I','E','21:00:00','21:59:59'),('IBBC2','IBBC','I','E','22:00:00','22:59:59'),('IBBC2','IBBC','I','E','23:00:00','23:59:59'),('IBBC3','IBBC','I','E','12:00:00','12:59:59'),('IBBC3','IBBC','I','E','13:00:00','13:59:59'),('IBBC3','IBBC','I','E','14:00:00','14:59:59'),('IBBC3','IBBC','I','E','15:00:00','15:59:59'),('IBBC3','IBBC','I','E','16:00:00','16:59:59'),('IBBC3','IBBC','I','E','17:00:00','17:59:59'),('IBBC3','IBBC','I','E','18:00:00','18:59:59'),('IBBC3','IBBC','I','E','19:00:00','19:59:59'),('IBBC3','IBBC','I','E','20:00:00','20:59:59'),('IBBC3','IBBC','I','E','21:00:00','21:59:59'),('IBBC3','IBBC','I','E','22:00:00','22:59:59'),('IBBC3','IBBC','I','E','23:00:00','23:59:59'),('IBBC4','IBBC','I','E','12:00:00','12:59:59'),('IBBC4','IBBC','I','E','13:00:00','13:59:59'),('IBBC4','IBBC','I','E','14:00:00','14:59:59'),('IBBC4','IBBC','I','E','15:00:00','15:59:59'),('IBBC4','IBBC','I','E','16:00:00','16:59:59'),('IBBC4','IBBC','I','E','17:00:00','17:59:59'),('IBBC4','IBBC','I','E','18:00:00','18:59:59'),('IBBC4','IBBC','I','E','19:00:00','19:59:59'),('IBBC4','IBBC','I','E','20:00:00','20:59:59'),('IBBC4','IBBC','I','E','21:00:00','21:59:59'),('IBBC4','IBBC','I','E','22:00:00','22:59:59'),('IBBC4','IBBC','I','E','23:00:00','23:59:59'),('IBBC5','IBBC','I','E','12:00:00','12:59:59'),('IBBC5','IBBC','I','E','13:00:00','13:59:59'),('IBBC5','IBBC','I','E','14:00:00','14:59:59'),('IBBC5','IBBC','I','E','15:00:00','15:59:59'),('IBBC5','IBBC','I','E','16:00:00','16:59:59'),('IBBC5','IBBC','I','E','17:00:00','17:59:59'),('IBBC5','IBBC','I','E','18:00:00','18:59:59'),('IBBC5','IBBC','I','E','19:00:00','19:59:59'),('IBBC5','IBBC','I','E','20:00:00','20:59:59'),('IBBC5','IBBC','I','E','21:00:00','21:59:59'),('IBBC5','IBBC','I','E','22:00:00','22:59:59'),('IBBC5','IBBC','I','E','23:00:00','23:59:59'),
                                ('IVBC1','IVBC','I','E','12:00:00','12:59:59'),('IVBC1','IVBC','I','E','13:00:00','13:59:59'),('IVBC1','IVBC','I','E','14:00:00','14:59:59'),('IVBC1','IVBC','I','E','15:00:00','15:59:59'),('IVBC1','IVBC','I','E','16:00:00','16:59:59'),('IVBC1','IVBC','I','E','17:00:00','17:59:59'),('IVBC1','IVBC','I','E','18:00:00','18:59:59'),('IVBC1','IVBC','I','E','19:00:00','19:59:59'),('IVBC1','IVBC','I','E','20:00:00','20:59:59'),('IVBC1','IVBC','I','E','21:00:00','21:59:59'),('IVBC1','IVBC','I','E','22:00:00','22:59:59'),('IVBC1','IVBC','I','E','23:00:00','23:59:59'),('IVBC2','IVBC','I','E','12:00:00','12:59:59'),('IVBC2','IVBC','I','E','13:00:00','13:59:59'),('IVBC2','IVBC','I','E','14:00:00','14:59:59'),('IVBC2','IVBC','I','E','15:00:00','15:59:59'),('IVBC2','IVBC','I','E','16:00:00','16:59:59'),('IVBC2','IVBC','I','E','17:00:00','17:59:59'),('IVBC2','IVBC','I','E','18:00:00','18:59:59'),('IVBC2','IVBC','I','E','19:00:00','19:59:59'),('IVBC2','IVBC','I','E','20:00:00','20:59:59'),('IVBC2','IVBC','I','E','21:00:00','21:59:59'),('IVBC2','IVBC','I','E','22:00:00','22:59:59'),('IVBC2','IVBC','I','E','23:00:00','23:59:59'),('IVBC3','IVBC','I','E','12:00:00','12:59:59'),('IVBC3','IVBC','I','E','13:00:00','13:59:59'),('IVBC3','IVBC','I','E','14:00:00','14:59:59'),('IVBC3','IVBC','I','E','15:00:00','15:59:59'),('IVBC3','IVBC','I','E','16:00:00','16:59:59'),('IVBC3','IVBC','I','E','17:00:00','17:59:59'),('IVBC3','IVBC','I','E','18:00:00','18:59:59'),('IVBC3','IVBC','I','E','19:00:00','19:59:59'),('IVBC3','IVBC','I','E','20:00:00','20:59:59'),('IVBC3','IVBC','I','E','21:00:00','21:59:59'),('IVBC3','IVBC','I','E','22:00:00','22:59:59'),('IVBC3','IVBC','I','E','23:00:00','23:59:59'),('IVBC4','IVBC','I','E','12:00:00','12:59:59'),('IVBC4','IVBC','I','E','13:00:00','13:59:59'),('IVBC4','IVBC','I','E','14:00:00','14:59:59'),('IVBC4','IVBC','I','E','15:00:00','15:59:59'),('IVBC4','IVBC','I','E','16:00:00','16:59:59'),('IVBC4','IVBC','I','E','17:00:00','17:59:59'),('IVBC4','IVBC','I','E','18:00:00','18:59:59'),('IVBC4','IVBC','I','E','19:00:00','19:59:59'),('IVBC4','IVBC','I','E','20:00:00','20:59:59'),('IVBC4','IVBC','I','E','21:00:00','21:59:59'),('IVBC4','IVBC','I','E','22:00:00','22:59:59'),('IVBC4','IVBC','I','E','23:00:00','23:59:59'),('IVBC5','IVBC','I','E','12:00:00','12:59:59'),('IVBC5','IVBC','I','E','13:00:00','13:59:59'),('IVBC5','IVBC','I','E','14:00:00','14:59:59'),('IVBC5','IVBC','I','E','15:00:00','15:59:59'),('IVBC5','IVBC','I','E','16:00:00','16:59:59'),('IVBC5','IVBC','I','E','17:00:00','17:59:59'),('IVBC5','IVBC','I','E','18:00:00','18:59:59'),('IVBC5','IVBC','I','E','19:00:00','19:59:59'),('IVBC5','IVBC','I','E','20:00:00','20:59:59'),('IVBC5','IVBC','I','E','21:00:00','21:59:59'),('IVBC5','IVBC','I','E','22:00:00','22:59:59'),('IVBC5','IVBC','I','E','23:00:00','23:59:59'),('IVBC6','IVBC','I','E','12:00:00','12:59:59'),('IVBC6','IVBC','I','E','13:00:00','13:59:59'),('IVBC6','IVBC','I','E','14:00:00','14:59:59'),('IVBC6','IVBC','I','E','15:00:00','15:59:59'),('IVBC6','IVBC','I','E','16:00:00','16:59:59'),('IVBC6','IVBC','I','E','17:00:00','17:59:59'),('IVBC6','IVBC','I','E','18:00:00','18:59:59'),('IVBC6','IVBC','I','E','19:00:00','19:59:59'),('IVBC6','IVBC','I','E','20:00:00','20:59:59'),('IVBC6','IVBC','I','E','21:00:00','21:59:59'),('IVBC6','IVBC','I','E','22:00:00','22:59:59'),('IVBC6','IVBC','I','E','23:00:00','23:59:59'),('IVBC7','IVBC','I','E','12:00:00','12:59:59'),('IVBC7','IVBC','I','E','13:00:00','13:59:59'),('IVBC7','IVBC','I','E','14:00:00','14:59:59'),('IVBC7','IVBC','I','E','15:00:00','15:59:59'),('IVBC7','IVBC','I','E','16:00:00','16:59:59'),('IVBC7','IVBC','I','E','17:00:00','17:59:59'),('IVBC7','IVBC','I','E','18:00:00','18:59:59'),('IVBC7','IVBC','I','E','19:00:00','19:59:59'),('IVBC7','IVBC','I','E','20:00:00','20:59:59'),('IVBC7','IVBC','I','E','21:00:00','21:59:59'),('IVBC7','IVBC','I','E','22:00:00','22:59:59'),('IVBC7','IVBC','I','E','23:00:00','23:59:59'),('IVBC8','IVBC','I','E','12:00:00','12:59:59'),('IVBC8','IVBC','I','E','13:00:00','13:59:59'),('IVBC8','IVBC','I','E','14:00:00','14:59:59'),('IVBC8','IVBC','I','E','15:00:00','15:59:59'),('IVBC8','IVBC','I','E','16:00:00','16:59:59'),('IVBC8','IVBC','I','E','17:00:00','17:59:59'),('IVBC8','IVBC','I','E','18:00:00','18:59:59'),('IVBC8','IVBC','I','E','19:00:00','19:59:59'),('IVBC8','IVBC','I','E','20:00:00','20:59:59'),('IVBC8','IVBC','I','E','21:00:00','21:59:59'),('IVBC8','IVBC','I','E','22:00:00','22:59:59'),('IVBC8','IVBC','I','E','23:00:00','23:59:59'),('IVBC9','IVBC','I','E','12:00:00','12:59:59'),('IVBC9','IVBC','I','E','13:00:00','13:59:59'),('IVBC9','IVBC','I','E','14:00:00','14:59:59'),('IVBC9','IVBC','I','E','15:00:00','15:59:59'),('IVBC9','IVBC','I','E','16:00:00','16:59:59'),('IVBC9','IVBC','I','E','17:00:00','17:59:59'),('IVBC9','IVBC','I','E','18:00:00','18:59:59'),('IVBC9','IVBC','I','E','19:00:00','19:59:59'),('IVBC9','IVBC','I','E','20:00:00','20:59:59'),('IVBC9','IVBC','I','E','21:00:00','21:59:59'),('IVBC9','IVBC','I','E','22:00:00','22:59:59'),('IVBC9','IVBC','I','E','23:00:00','23:59:59'),
                                ('MR1','MR','I','E','12:00:00','12:59:59'),('MR1','MR','I','E','13:00:00','13:59:59'),('MR1','MR','I','E','14:00:00','14:59:59'),('MR1','MR','I','E','15:00:00','15:59:59'),('MR1','MR','I','E','16:00:00','16:59:59'),('MR1','MR','I','E','17:00:00','17:59:59'),('MR1','MR','I','E','18:00:00','18:59:59'),('MR1','MR','I','E','19:00:00','19:59:59'),('MR1','MR','I','E','20:00:00','20:59:59'),('MR1','MR','I','E','21:00:00','21:59:59'),('MR1','MR','I','E','22:00:00','22:59:59'),('MR1','MR','I','E','23:00:00','23:59:59'),('MR2','MR','I','E','12:00:00','12:59:59'),('MR2','MR','I','E','13:00:00','13:59:59'),('MR2','MR','I','E','14:00:00','14:59:59'),('MR2','MR','I','E','15:00:00','15:59:59'),('MR2','MR','I','E','16:00:00','16:59:59'),('MR2','MR','I','E','17:00:00','17:59:59'),('MR2','MR','I','E','18:00:00','18:59:59'),('MR2','MR','I','E','19:00:00','19:59:59'),('MR2','MR','I','E','20:00:00','20:59:59'),('MR2','MR','I','E','21:00:00','21:59:59'),('MR2','MR','I','E','22:00:00','22:59:59'),('MR2','MR','I','E','23:00:00','23:59:59'),('MR3','MR','I','E','12:00:00','12:59:59'),('MR3','MR','I','E','13:00:00','13:59:59'),('MR3','MR','I','E','14:00:00','14:59:59'),('MR3','MR','I','E','15:00:00','15:59:59'),('MR3','MR','I','E','16:00:00','16:59:59'),('MR3','MR','I','E','17:00:00','17:59:59'),('MR3','MR','I','E','18:00:00','18:59:59'),('MR3','MR','I','E','19:00:00','19:59:59'),('MR3','MR','I','E','20:00:00','20:59:59'),('MR3','MR','I','E','21:00:00','21:59:59'),('MR3','MR','I','E','22:00:00','22:59:59'),('MR3','MR','I','E','23:00:00','23:59:59'),('MR4','MR','I','E','12:00:00','12:59:59'),('MR4','MR','I','E','13:00:00','13:59:59'),('MR4','MR','I','E','14:00:00','14:59:59'),('MR4','MR','I','E','15:00:00','15:59:59'),('MR4','MR','I','E','16:00:00','16:59:59'),('MR4','MR','I','E','17:00:00','17:59:59'),('MR4','MR','I','E','18:00:00','18:59:59'),('MR4','MR','I','E','19:00:00','19:59:59'),('MR4','MR','I','E','20:00:00','20:59:59'),('MR4','MR','I','E','21:00:00','21:59:59'),('MR4','MR','I','E','22:00:00','22:59:59'),('MR4','MR','I','E','23:00:00','23:59:59'),
                                ('OBBC1','OBBC','O','E','12:00:00','13:59:59'),('OBBC1','OBBC','O','E','14:00:00','15:59:59'),('OBBC1','OBBC','O','E','16:00:00','17:59:59'),('OBBC1','OBBC','O','E','18:00:00','19:59:59'),('OBBC1','OBBC','O','E','20:00:00','21:59:59'),('OBBC1','OBBC','O','E','22:00:00','23:59:59'),('OBBC2','OBBC','O','E','12:00:00','13:59:59'),('OBBC2','OBBC','O','E','14:00:00','15:59:59'),('OBBC2','OBBC','O','E','16:00:00','17:59:59'),('OBBC2','OBBC','O','E','18:00:00','19:59:59'),('OBBC2','OBBC','O','E','20:00:00','21:59:59'),('OBBC2','OBBC','O','E','22:00:00','23:59:59'),
                                ('OVBC1','OVBC','O','E','12:00:00','13:59:59'),('OVBC1','OVBC','O','E','14:00:00','15:59:59'),('OVBC1','OVBC','O','E','16:00:00','17:59:59'),('OVBC1','OVBC','O','E','18:00:00','19:59:59'),('OVBC1','OVBC','O','E','20:00:00','21:59:59'),('OVBC1','OVBC','O','E','22:00:00','23:59:59'),('OVBC2','OVBC','O','E','12:00:00','13:59:59'),('OVBC2','OVBC','O','E','14:00:00','15:59:59'),('OVBC2','OVBC','O','E','16:00:00','17:59:59'),('OVBC2','OVBC','O','E','18:00:00','19:59:59'),('OVBC2','OVBC','O','E','20:00:00','21:59:59'),('OVBC2','OVBC','O','E','22:00:00','23:59:59'),
                                ('RBC1','RBC','I','E','12:00:00','12:29:59'),('RBC1','RBC','I','E','12:30:00','12:59:59'),('RBC1','RBC','I','E','13:00:00','13:29:59'),('RBC1','RBC','I','E','13:30:00','13:59:59'),('RBC1','RBC','I','E','14:00:00','14:29:59'),('RBC1','RBC','I','E','14:30:00','14:59:59'),('RBC1','RBC','I','E','15:00:00','15:29:59'),('RBC1','RBC','I','E','15:30:00','15:59:59'),('RBC1','RBC','I','E','16:00:00','16:29:59'),('RBC1','RBC','I','E','16:30:00','16:59:59'),('RBC1','RBC','I','E','17:00:00','17:29:59'),('RBC1','RBC','I','E','17:30:00','17:59:59'),('RBC1','RBC','I','E','18:00:00','18:29:59'),('RBC1','RBC','I','E','18:30:00','18:59:59'),('RBC1','RBC','I','E','19:00:00','19:29:59'),('RBC1','RBC','I','E','19:30:00','19:59:59'),('RBC1','RBC','I','E','20:00:00','20:29:59'),('RBC1','RBC','I','E','20:30:00','20:59:59'),('RBC1','RBC','I','E','21:00:00','21:29:59'),('RBC1','RBC','I','E','21:30:00','21:59:59'),('RBC1','RBC','I','E','21:00:00','22:29:59'),('RBC1','RBC','I','E','22:30:00','22:59:59'),('RBC1','RBC','I','E','23:00:00','23:29:59'),('RBC1','RBC','I','E','23:30:00','23:59:59'),('RBC2','RBC','I','E','12:00:00','12:29:59'),('RBC2','RBC','I','E','12:30:00','12:59:59'),('RBC2','RBC','I','E','13:00:00','13:29:59'),('RBC2','RBC','I','E','13:30:00','13:59:59'),('RBC2','RBC','I','E','14:00:00','14:29:59'),('RBC2','RBC','I','E','14:30:00','14:59:59'),('RBC2','RBC','I','E','15:00:00','15:29:59'),('RBC2','RBC','I','E','15:30:00','15:59:59'),('RBC2','RBC','I','E','16:00:00','16:29:59'),('RBC2','RBC','I','E','16:30:00','16:59:59'),('RBC2','RBC','I','E','17:00:00','17:29:59'),('RBC2','RBC','I','E','17:30:00','17:59:59'),('RBC2','RBC','I','E','18:00:00','18:29:59'),('RBC2','RBC','I','E','18:30:00','18:59:59'),('RBC2','RBC','I','E','19:00:00','19:29:59'),('RBC2','RBC','I','E','19:30:00','19:59:59'),('RBC2','RBC','I','E','20:00:00','20:29:59'),('RBC2','RBC','I','E','20:30:00','20:59:59'),('RBC2','RBC','I','E','21:00:00','21:29:59'),('RBC2','RBC','I','E','21:30:00','21:59:59'),('RBC2','RBC','I','E','21:00:00','22:29:59'),('RBC2','RBC','I','E','22:30:00','22:59:59'),('RBC2','RBC','I','E','23:00:00','23:29:59'),('RBC2','RBC','I','E','23:30:00','23:59:59'),('RBC3','RBC','I','E','12:00:00','12:29:59'),('RBC3','RBC','I','E','12:30:00','12:59:59'),('RBC3','RBC','I','E','13:00:00','13:29:59'),('RBC3','RBC','I','E','13:30:00','13:59:59'),('RBC3','RBC','I','E','14:00:00','14:29:59'),('RBC3','RBC','I','E','14:30:00','14:59:59'),('RBC3','RBC','I','E','15:00:00','15:29:59'),('RBC3','RBC','I','E','15:30:00','15:59:59'),('RBC3','RBC','I','E','16:00:00','16:29:59'),('RBC3','RBC','I','E','16:30:00','16:59:59'),('RBC3','RBC','I','E','17:00:00','17:29:59'),('RBC3','RBC','I','E','17:30:00','17:59:59'),('RBC3','RBC','I','E','18:00:00','18:29:59'),('RBC3','RBC','I','E','18:30:00','18:59:59'),('RBC3','RBC','I','E','19:00:00','19:29:59'),('RBC3','RBC','I','E','19:30:00','19:59:59'),('RBC3','RBC','I','E','20:00:00','20:29:59'),('RBC3','RBC','I','E','20:30:00','20:59:59'),('RBC3','RBC','I','E','21:00:00','21:29:59'),('RBC3','RBC','I','E','21:30:00','21:59:59'),('RBC3','RBC','I','E','21:00:00','22:29:59'),('RBC3','RBC','I','E','22:30:00','22:59:59'),('RBC3','RBC','I','E','23:00:00','23:29:59'),('RBC3','RBC','I','E','23:30:00','23:59:59'),('RBC4','RBC','I','E','12:00:00','12:29:59'),('RBC4','RBC','I','E','12:30:00','12:59:59'),('RBC4','RBC','I','E','13:00:00','13:29:59'),('RBC4','RBC','I','E','13:30:00','13:59:59'),('RBC4','RBC','I','E','14:00:00','14:29:59'),('RBC4','RBC','I','E','14:30:00','14:59:59'),('RBC4','RBC','I','E','15:00:00','15:29:59'),('RBC4','RBC','I','E','15:30:00','15:59:59'),('RBC4','RBC','I','E','16:00:00','16:29:59'),('RBC4','RBC','I','E','16:30:00','16:59:59'),('RBC4','RBC','I','E','17:00:00','17:29:59'),('RBC4','RBC','I','E','17:30:00','17:59:59'),('RBC4','RBC','I','E','18:00:00','18:29:59'),('RBC4','RBC','I','E','18:30:00','18:59:59'),('RBC4','RBC','I','E','19:00:00','19:29:59'),('RBC4','RBC','I','E','19:30:00','19:59:59'),('RBC4','RBC','I','E','20:00:00','20:29:59'),('RBC4','RBC','I','E','20:30:00','20:59:59'),('RBC4','RBC','I','E','21:00:00','21:29:59'),('RBC4','RBC','I','E','21:30:00','21:59:59'),('RBC4','RBC','I','E','21:00:00','22:29:59'),('RBC4','RBC','I','E','22:30:00','22:59:59'),('RBC4','RBC','I','E','23:00:00','23:29:59'),('RBC4','RBC','I','E','23:30:00','23:59:59'),('RBC5','RBC','I','E','12:00:00','12:29:59'),('RBC5','RBC','I','E','12:30:00','12:59:59'),('RBC5','RBC','I','E','13:00:00','13:29:59'),('RBC5','RBC','I','E','13:30:00','13:59:59'),('RBC5','RBC','I','E','14:00:00','14:29:59'),('RBC5','RBC','I','E','14:30:00','14:59:59'),('RBC5','RBC','I','E','15:00:00','15:29:59'),('RBC5','RBC','I','E','15:30:00','15:59:59'),('RBC5','RBC','I','E','16:00:00','16:29:59'),('RBC5','RBC','I','E','16:30:00','16:59:59'),('RBC5','RBC','I','E','17:00:00','17:29:59'),('RBC5','RBC','I','E','17:30:00','17:59:59'),('RBC5','RBC','I','E','18:00:00','18:29:59'),('RBC5','RBC','I','E','18:30:00','18:59:59'),('RBC5','RBC','I','E','19:00:00','19:29:59'),('RBC5','RBC','I','E','19:30:00','19:59:59'),('RBC5','RBC','I','E','20:00:00','20:29:59'),('RBC5','RBC','I','E','20:30:00','20:59:59'),('RBC5','RBC','I','E','21:00:00','21:29:59'),('RBC5','RBC','I','E','21:30:00','21:59:59'),('RBC5','RBC','I','E','21:00:00','22:29:59'),('RBC5','RBC','I','E','22:30:00','22:59:59'),('RBC5','RBC','I','E','23:00:00','23:29:59'),('RBC5','RBC','I','E','23:30:00','23:59:59'),
                                ('SCG','SCG','I','E','12:00:00','13:59:59'),('SCG','SCG','I','E','14:00:00','15:59:59'),('SCG','SCG','I','E','16:00:00','17:59:59'),('SCG','SCG','I','E','18:00:00','19:59:59'),('SCG','SCG','I','E','20:00:00','21:59:59'),('SCG','SCG','I','E','22:00:00','23:59:59'),
                                ('TT1','TT','I','E','12:00:00','12:29:59'),('TT1','TT','I','E','12:30:00','12:59:59'),('TT1','TT','I','E','13:00:00','13:29:59'),('TT1','TT','I','E','13:30:00','13:59:59'),('TT1','TT','I','E','14:00:00','14:29:59'),('TT1','TT','I','E','14:30:00','14:59:59'),('TT1','TT','I','E','15:00:00','15:29:59'),('TT1','TT','I','E','15:30:00','15:59:59'),('TT1','TT','I','E','16:00:00','16:29:59'),('TT1','TT','I','E','16:30:00','16:59:59'),('TT1','TT','I','E','17:00:00','17:29:59'),('TT1','TT','I','E','17:30:00','17:59:59'),('TT1','TT','I','E','18:00:00','18:29:59'),('TT1','TT','I','E','18:30:00','18:59:59'),('TT1','TT','I','E','19:00:00','19:29:59'),('TT1','TT','I','E','19:30:00','19:59:59'),('TT1','TT','I','E','20:00:00','20:29:59'),('TT1','TT','I','E','20:30:00','20:59:59'),('TT1','TT','I','E','21:00:00','21:29:59'),('TT1','TT','I','E','21:30:00','21:59:59'),('TT1','TT','I','E','21:00:00','22:29:59'),('TT1','TT','I','E','22:30:00','22:59:59'),('TT1','TT','I','E','23:00:00','23:29:59'),('TT1','TT','I','E','23:30:00','23:59:59')
                                ;
/*!40000 ALTER TABLE `facilitiesoptions` ENABLE KEYS */;
UNLOCK TABLES;

--
-- Table structure for table `facilityreservation`
--

DROP TABLE IF EXISTS `facilityreservation`;
/*!40101 SET @saved_cs_client     = @@character_set_client */;
/*!50503 SET character_set_client = utf8mb4 */;
CREATE TABLE `facilityreservation` (
  `facilityname` varchar(45) NOT NULL,
  `facilitytype` varchar(45) NOT NULL,
  `venue` varchar(45) NOT NULL,
  `reservedUser` varchar(45) NOT NULL,
  `date` DATE NOT NULL,
  `day` varchar(16) NOT NULL,
  `from` TIME(3) NOT NULL,
  `to` TIME(3) NOT NULL,
  `deposit` varchar(16) NOT NULL,
  `status` varchar(16) NOT NULL,
  KEY `fk_fr_facilityname_idx` (`facilityname`),
  KEY `fk_fr_facilitytype_idx` (`facilitytype`),
  KEY `fk_fr_venue_idx` (`venue`),
  KEY `fk_fr_reservedUser_idx` (`reservedUser`),
  CONSTRAINT `fk_fr_facilityname` FOREIGN KEY (`facilityname`) REFERENCES `facilities` (`name`) ON DELETE NO ACTION ON UPDATE NO ACTION,
  CONSTRAINT `fk_fr_facilitytype` FOREIGN KEY (`facilitytype`) REFERENCES `facilitytypes` (`id`) ON DELETE NO ACTION ON UPDATE NO ACTION,
  CONSTRAINT `fk_fr_reservedUser` FOREIGN KEY (`reservedUser`) REFERENCES `users` (`username`) ON DELETE NO ACTION ON UPDATE NO ACTION,
  CONSTRAINT `fk_fr_venue` FOREIGN KEY (`venue`) REFERENCES `venues` (`id`) ON DELETE NO ACTION ON UPDATE NO ACTION
) ENGINE=InnoDB DEFAULT CHARSET=utf8;
/*!40101 SET character_set_client = @saved_cs_client */;

--
-- Dumping data for table `facilityreservation`
--

LOCK TABLES `facilityreservation` WRITE;
/*!40000 ALTER TABLE `facilityreservation` DISABLE KEYS */;
/*!40000 ALTER TABLE `facilityreservation` ENABLE KEYS */;
UNLOCK TABLES;

--
-- Table structure for table `facilitytypes`
--

DROP TABLE IF EXISTS `facilitytypes`;
/*!40101 SET @saved_cs_client     = @@character_set_client */;
/*!50503 SET character_set_client = utf8mb4 */;
CREATE TABLE `facilitytypes` (
  `id` varchar(45) NOT NULL,
  `name` varchar(45) NOT NULL,
  PRIMARY KEY (`id`)
) ENGINE=InnoDB DEFAULT CHARSET=utf8;
/*!40101 SET character_set_client = @saved_cs_client */;

--
-- Dumping data for table `facilitytypes`
--

LOCK TABLES `facilitytypes` WRITE;
/*!40000 ALTER TABLE `facilitytypes` DISABLE KEYS */;
INSERT INTO `facilitytypes` VALUES ('BMC','Badminton Court'),('CR','Conference Room'),('IBBC','Indoor Basketball Court'),('IVBC','Volleyball Court'),('MR','Multipurpose Room'),('OBBC','Outdoor Basketball Court'),('OVBC','Outdoor Volleyball Court'),('RBC','Racquetball Court'),('SCG','Indoor Soccer Gymnasium'),('TT','Table Tennis');
/*!40000 ALTER TABLE `facilitytypes` ENABLE KEYS */;
UNLOCK TABLES;

--
-- Table structure for table `intervals`
--

DROP TABLE IF EXISTS `intervals`;
/*!40101 SET @saved_cs_client     = @@character_set_client */;
/*!50503 SET character_set_client = utf8mb4 */;
CREATE TABLE `intervals` (
  `id` varchar(45) NOT NULL,
  `name` varchar(45) NOT NULL,
  PRIMARY KEY (`id`)
) ENGINE=InnoDB DEFAULT CHARSET=utf8;
/*!40101 SET character_set_client = @saved_cs_client */;

--
-- Dumping data for table `intervals`
--

LOCK TABLES `intervals` WRITE;
/*!40000 ALTER TABLE `intervals` DISABLE KEYS */;
INSERT INTO `intervals` VALUES ('1H','1 hour'),('2H','2 hours'),('30M','30 min');
/*!40000 ALTER TABLE `intervals` ENABLE KEYS */;
UNLOCK TABLES;

--
-- Table structure for table `roles`
--

DROP TABLE IF EXISTS `roles`;
/*!40101 SET @saved_cs_client     = @@character_set_client */;
/*!40101 SET character_set_client = utf8 */;
CREATE TABLE `roles` (
  `id` varchar(45) NOT NULL,
  `name` varchar(45) NOT NULL,
  PRIMARY KEY (`id`)
) ENGINE=InnoDB DEFAULT CHARSET=utf8;
/*!40101 SET character_set_client = @saved_cs_client */;

--
-- Dumping data for table `roles`
--

LOCK TABLES `roles` WRITE;
/*!40000 ALTER TABLE `roles` DISABLE KEYS */;
INSERT INTO `roles` VALUES ('A','Admin'),('FM','Facility Manager'),('U','User');
/*!40000 ALTER TABLE `roles` ENABLE KEYS */;
UNLOCK TABLES;

--
-- Table structure for table `states`
--

DROP TABLE IF EXISTS `states`;
/*!40101 SET @saved_cs_client     = @@character_set_client */;
/*!40101 SET character_set_client = utf8 */;
CREATE TABLE `states` (
  `id` varchar(45) NOT NULL,
  `name` varchar(45) NOT NULL,
  PRIMARY KEY (`id`)
) ENGINE=InnoDB DEFAULT CHARSET=utf8;
/*!40101 SET character_set_client = @saved_cs_client */;

--
-- Dumping data for table `states`
--

LOCK TABLES `states` WRITE;
/*!40000 ALTER TABLE `states` DISABLE KEYS */;
INSERT INTO `states` VALUES ('AK','Alaska'),('AL','Alabama'),('AR','Arkansas'),('AZ','Arizona'),('CA','California'),('CO','Colorado'),('CT','Connecticut'),('DE','Delaware'),('FL','Florida'),('GA','Georgia'),('HI','Hawaii'),('IA','Iowa'),('ID','Idaho'),('IL','Illinois'),('IN','Indiana'),('KS','Kansas'),('KY','Kentucky'),('LA','Louisiana'),('MA','Massachusetts'),('MD','Maryland'),('ME','Maine'),('MI','Michigan'),('MN','Minnesota'),('MO','Missouri'),('MS','Mississippi'),('MT','Montana'),('NC','North Carolina'),('ND','North Dakota'),('NE','Nebraska'),('NH','New Hampshire'),('NJ','New Jersey'),('NM','New Mexico'),('NV','Nevada'),('NY','New York'),('OH','Ohio'),('OK','Oklahoma'),('OR','Oregon'),('PA','Pennsylvania'),('RI','Rhode Island'),('SC','South Carolina'),('SD','South Dakota'),('TN','Tennessee'),('TX','Texas'),('UT','Utah'),('VA','Virginia'),('VT','Vermont'),('WA','Washington'),('WI','Wisconsin'),('WV','West Virginia'),('WY','Wyoming');
/*!40000 ALTER TABLE `states` ENABLE KEYS */;
UNLOCK TABLES;

--
-- Table structure for table `users`
--

DROP TABLE IF EXISTS `users`;
/*!40101 SET @saved_cs_client     = @@character_set_client */;
/*!40101 SET character_set_client = utf8 */;
CREATE TABLE `users` (
  `username` varchar(16) NOT NULL,
  `id` int(10) NOT NULL,
  `firstname` varchar(45) NOT NULL,
  `lastname` varchar(45) NOT NULL,
  `password` varchar(120) NOT NULL,
  `role` varchar(45) NOT NULL,
  `address` varchar(120) NOT NULL,
  `city` varchar(45) NOT NULL,
  `state` varchar(45) NOT NULL,
  `zip` varchar(5) NOT NULL,
  `phone` varchar(10) NOT NULL,
  `email` varchar(120) NOT NULL,
  `noshows` varchar(3),
  `violations` varchar(3),
  `status` varchar(10),
  PRIMARY KEY (`username`),
  KEY `fk_role_idx` (`role`),
  KEY `fk_state_idx` (`state`),
  CONSTRAINT `fk_role` FOREIGN KEY (`role`) REFERENCES `roles` (`id`),
  CONSTRAINT `fk_state` FOREIGN KEY (`state`) REFERENCES `states` (`id`)
) ENGINE=InnoDB DEFAULT CHARSET=utf8;
/*!40101 SET character_set_client = @saved_cs_client */;

--
-- Dumping data for table `users`
--

LOCK TABLES `users` WRITE;
/*!40000 ALTER TABLE `users` DISABLE KEYS */;
INSERT INTO `users` VALUES ('user','1001343611', 'John', 'Smith', 'password', 'U', 'Lane', 'Arlington', 'TX', '76019', '1231231234', 'email@mavs.uta.edu', '0', '0', 'Unrevoked'),('fm','1001343611', 'John', 'Smith', 'password', 'FM', 'Lane', 'Arlington', 'TX', '76019', '1231231234', 'email@mavs.uta.edu', '0', '0', 'Unrevoked'),('admin','1001343611', 'John', 'Smith', 'password', 'A', 'Lane', 'Arlington', 'TX', '76019', '1231231234', 'email@mavs.uta.edu', '0', '0', 'Unrevoked');
/*!40000 ALTER TABLE `users` ENABLE KEYS */;
UNLOCK TABLES;

--
-- Table structure for table `venues`
--

DROP TABLE IF EXISTS `venues`;
/*!40101 SET @saved_cs_client     = @@character_set_client */;
/*!50503 SET character_set_client = utf8mb4 */;
CREATE TABLE `venues` (
  `id` varchar(45) NOT NULL,
  `name` varchar(45) NOT NULL,
  PRIMARY KEY (`id`)
) ENGINE=InnoDB DEFAULT CHARSET=utf8;
/*!40101 SET character_set_client = @saved_cs_client */;

--
-- Dumping data for table `venues`
--

LOCK TABLES `venues` WRITE;
/*!40000 ALTER TABLE `venues` DISABLE KEYS */;
INSERT INTO `venues` VALUES ('I','Indoor'),('O','Outdoor');
/*!40000 ALTER TABLE `venues` ENABLE KEYS */;
UNLOCK TABLES;

--
-- Table structure for table `violations`
--

DROP TABLE IF EXISTS `violations`;
/*!40101 SET @saved_cs_client     = @@character_set_client */;
/*!40101 SET character_set_client = utf8 */;
CREATE TABLE `violations` (
  `username` varchar(16) NOT NULL,
  `name` varchar(10) NOT NULL,
  `date` DATE NOT NULL,
  `from` varchar(45) NOT NULL,
  `to` varchar(45) NOT NULL,
  `description` varchar(120) NOT NULL,
  KEY `fk_facilitytype_idx` (`name`),
  CONSTRAINT `fk_name` FOREIGN KEY (`name`) REFERENCES `facilities` (`name`) ON DELETE NO ACTION ON UPDATE NO ACTION
) ENGINE=InnoDB DEFAULT CHARSET=utf8;
/*!40101 SET character_set_client = @saved_cs_client */;

--
-- Dumping data for table `violations`
--

LOCK TABLES `violations` WRITE;
/*!40000 ALTER TABLE `violations` DISABLE KEYS */;
/*!40000 ALTER TABLE `violations` ENABLE KEYS */;
UNLOCK TABLES;

--
-- Table structure for table `noshows`
--

DROP TABLE IF EXISTS `noshows`;
/*!40101 SET @saved_cs_client     = @@character_set_client */;
/*!40101 SET character_set_client = utf8 */;
CREATE TABLE `noshows` (
  `username` varchar(16) NOT NULL,
  `names` varchar(10) NOT NULL,
  `date` DATE NOT NULL,
  `from` varchar(45) NOT NULL,
  `to` varchar(45) NOT NULL,
  `description` varchar(120) NOT NULL,
  KEY `fk_facilitytype_id` (`names`),
  CONSTRAINT `fk_names` FOREIGN KEY (`names`) REFERENCES `facilities` (`name`) ON DELETE NO ACTION ON UPDATE NO ACTION
) ENGINE=InnoDB DEFAULT CHARSET=utf8;
/*!40101 SET character_set_client = @saved_cs_client */;

--
-- Dumping data for table `noshows`
--

LOCK TABLES `noshows` WRITE;
/*!40000 ALTER TABLE `noshows` DISABLE KEYS */;
/*!40000 ALTER TABLE `noshows` ENABLE KEYS */;
UNLOCK TABLES;

/*!40103 SET TIME_ZONE=@OLD_TIME_ZONE */;

/*!40101 SET SQL_MODE=@OLD_SQL_MODE */;
/*!40014 SET FOREIGN_KEY_CHECKS=@OLD_FOREIGN_KEY_CHECKS */;
/*!40014 SET UNIQUE_CHECKS=@OLD_UNIQUE_CHECKS */;
/*!40101 SET CHARACTER_SET_CLIENT=@OLD_CHARACTER_SET_CLIENT */;
/*!40101 SET CHARACTER_SET_RESULTS=@OLD_CHARACTER_SET_RESULTS */;
/*!40101 SET COLLATION_CONNECTION=@OLD_COLLATION_CONNECTION */;
/*!40111 SET SQL_NOTES=@OLD_SQL_NOTES */;

-- Dump completed on 2019-09-24  3:34:12
